response_id,submitted_at,program,school,volunteer_name,volunteer_email,employer,role_this_year,q1_overall_satisfaction,q2_would_recommend,q3_felt_prepared,q4_volunteer_again,q5_what_went_well,q6_what_could_improve,q7_anything_else,opt_in_contact
JA-24001,2025-12-28T13:45,JA Company Program,Wayne HS,Casey Dupree,casey.dupree@three.com,Three Rivers Credit Union,Classroom Volunteer,4,5,3,,Staff support was excellent.,More time with the students.,"If you're ever short someone last minute, I might be able to fill in.",Yes
JA-24002,2026-06-20T18:33,JA Career Speaker Series,Northrop HS,Yolanda Finnegan,yolanda.finnegan@allen.com,Allen Mutual Insurance,Event Volunteer,5,5,4,,The students were engaged.,Parking was a nightmare and no one met me at the door.,,
JA-24003,2026-02-27T11:02,JA Company Program,Memorial Park MS,Grant Finnegan,grant.finnegan@allen.com,Allen Mutual Insurance,Board/Committee Prospect,4,3,4,,Good structure.,n/a,Good,Yes
JA-24004,2025-11-18T09:49,JA Company Program,Leo JR/SR HS,Owen Zabel,owen.zabel@harrison.com,Harrison & Locke LLP,Career Speaker,4,5,4,Yes,Staff support was excellent.,Classroom management was a struggle and I did not feel supported.,I'd like to do more than one classroom next time. Please reach out in August.,
JA-24005,2025-12-11T17:36,JA Inspire,Shawnee MS,Simone Lindqvist,simone.lindqvist@northgate.com,Northgate Logistics,Board/Committee Prospect,3,3,2,Maybe,Loved the hands-on parts.,,Loved it. The curriculum was excellent and easy to follow.,Yes
JA-24006,2025-10-20T13:49,JA Finance Park,Jefferson MS,Aisha Thibodeaux,aisha.thibodeaux@northgate.com,Northgate Logistics,Classroom Volunteer,3,3,4,Yes,The materials were clear.,n/a,I had a lot of fun and I think the students got a lot out of it.,Yes
JA-24007,2025-12-17T17:24,JA Finance Park,Jefferson MS,Wes Kowalski,wes.kowalski@bluffton.com,Bluffton Steel Works,Event Volunteer,5,4,2,,Loved the hands-on parts.,Too much content for the time allotted. Felt rushed the whole time.,n/a,Yes
JA-24008,2026-04-21T15:59,JA BizTown,Snider HS,Naomi Thibodeaux,naomi.thibodeaux@maplewood.com,Maplewood Health Partners,Career Speaker,4,3,2,,The materials were clear.,-,Fine.,Yes
JA-24009,2025-11-23T13:46,JA Career Speaker Series,Blackhawk MS,Jordan Ellsworth,jordan.ellsworth@maplewood.com,Maplewood Health Partners,Classroom Volunteer,3,3,4,Yes,Good structure.,Nothing to add,Excellent experience from start to finish.,Yes
JA-24010,2025-11-03T17:16,JA Company Program,Leo JR/SR HS,Marcus Petrosyan,marcus.petrosyan@allen.com,Allen Mutual Insurance,Classroom Volunteer,4,5,4,Maybe,Staff support was excellent.,I never received the training link. Had to wing it.,Very impressed with the organization and the materials.,
JA-24011,2026-02-08T15:48,JA Inspire,Leo JR/SR HS,Talia Ulrich,talia.ulrich@cardinal.com,Cardinal Trust Bank,Event Volunteer,4,5,4,Yes,Staff support was excellent.,Good program.,Is there a way to get involved beyond the classroom? I have the time and I'd like to help.,No
JA-24012,2025-12-31T18:28,JA Career Speaker Series,Woodside MS,Brett Ellsworth,brett.ellsworth@wabash.com,Wabash Valley Energy,Event Volunteer,4,5,3,Yes,Loved the hands-on parts.,Good,Our company is looking for a signature community partnership. Please call me.,Yes
JA-24013,2026-01-10T08:17,JA Company Program,Memorial Park MS,Yolanda Ulrich,yolanda.ulrich@foundry.com,Foundry Digital Agency,Career Speaker,4,3,5,,,None,No comment,Yes
JA-24014,2025-11-08T08:02,JA in a Day,Leo JR/SR HS,Alexis Yeager,alexis.yeager@ridgeline.com,Ridgeline Manufacturing,Board/Committee Prospect,5,3,3,,The materials were clear.,Classroom management was a struggle and I did not feel supported.,,
JA-24015,2026-02-08T21:30,JA Inspire,Carroll MS,Jordan Jarrett,jordan.jarrett@cardinal.com,Cardinal Trust Bank,Event Volunteer,3,3,2,No,The materials were clear.,,,
JA-24016,2025-11-07T09:46,JA BizTown,Leo JR/SR HS,Simone Zabel,simone.zabel@summit.com,Summit Financial Group,Classroom Volunteer,4,5,2,,The materials were clear.,Fine.,,Yes
JA-24017,2026-06-01T09:15,JA in a Day,Leo JR/SR HS,Lucia Marsh,lucia.marsh@kestrel.com,Kestrel Engineering,Career Speaker,3,4,2,Maybe,Staff support was excellent.,Too much content for the time allotted. Felt rushed the whole time.,n/a,Yes
JA-24018,2025-10-09T09:41,JA Finance Park,Shawnee MS,Renee Reyes,renee.reyes@foundry.com,Foundry Digital Agency,Event Volunteer,4,5,2,,Staff support was excellent.,n/a,,Yes
JA-24019,2026-06-23T08:36,JA Finance Park,Snider HS,Brett Quintero,brett.quintero@summit.com,Summit Financial Group,Board/Committee Prospect,5,3,2,Maybe,The materials were clear.,More time with the students.,"Great program, great kids, great day all around.",Yes
JA-24020,2026-02-01T15:01,JA Company Program,Wayne HS,Jordan Escobar,jordan.escobar@harrison.com,Harrison & Locke LLP,Classroom Volunteer,2,1,2,,,Too much content for the time allotted. Felt rushed the whole time.,Parking was a nightmare and no one met me at the door.,Yes
JA-24021,2026-04-29T07:41,JA in a Day,Carroll MS,Grant Hollis,grant.hollis@wabash.com,Wabash Valley Energy,Site Lead,5,3,3,Maybe,,I was scheduled for a grade level I wasn't prepared for.,None,Yes
JA-24022,2026-03-20T20:50,JA BizTown,Shawnee MS,Grant Nunez,grant.nunez@maplewood.com,Maplewood Health Partners,Site Lead,4,3,5,Maybe,Good structure.,,"Depends on work, but keep me on the email list.",
JA-24023,2026-05-26T21:46,JA Company Program,Homestead HS,Marcus Chandra,marcus.chandra@wabash.com,Wabash Valley Energy,Board/Committee Prospect,4,3,5,,Loved the hands-on parts.,Fine.,None,
JA-24024,2026-04-10T15:19,JA Finance Park,Northrop HS,Devon Ashby,devon.ashby@wabash.com,Wabash Valley Energy,Board/Committee Prospect,3,5,4,Maybe,,n/a,Loved it. The curriculum was excellent and easy to follow.,Yes
JA-24025,2025-12-05T21:30,JA Company Program,Carroll MS,Devon Chandra,devon.chandra@allen.com,Allen Mutual Insurance,Career Speaker,5,4,5,Yes,The students were engaged.,Nothing to add,Very impressed with the organization and the materials.,Yes
JA-24026,2026-03-21T15:36,JA Finance Park,Northrop HS,Simone Sandoval,simone.sandoval@northgate.com,Northgate Logistics,Event Volunteer,4,5,5,,The materials were clear.,Too much content for the time allotted. Felt rushed the whole time.,Our company is looking for a signature community partnership. Please call me.,Yes
JA-24027,2025-12-10T09:08,JA Company Program,Lakeside MS,Marcus Vasquez,marcus.vasquez@three.com,Three Rivers Credit Union,Board/Committee Prospect,5,5,2,,Loved the hands-on parts.,I never received the training link. Had to wing it.,Nothing to add,
JA-24028,2025-12-15T09:24,JA in a Day,Shawnee MS,Aisha Petrosyan,aisha.petrosyan@cardinal.com,Cardinal Trust Bank,Career Speaker,3,4,4,Maybe,Good structure.,Classroom management was a struggle and I did not feel supported.,Let me know when registration opens and I'll see where things stand.,Yes
JA-24029,2026-04-08T19:48,JA BizTown,Shawnee MS,Pierre Brennan,pierre.brennan@northgate.com,Northgate Logistics,Site Lead,3,3,2,Maybe,,N/A,The staff were amazing and the students were a joy to work with.,Yes
JA-24030,2026-05-26T12:28,JA Company Program,Snider HS,Aisha Devries,aisha.devries@ridgeline.com,Ridgeline Manufacturing,Event Volunteer,5,5,4,Yes,,Better printed materials. I'll still be back either way.,This was such a rewarding experience. The students were wonderful.,Yes
JA-24031,2025-10-12T17:33,JA BizTown,Woodside MS,Jordan Castellano,jordan.castellano@three.com,Three Rivers Credit Union,Board/Committee Prospect,4,3,2,,,n/a,No comment,Yes
JA-24032,2025-11-02T18:46,JA in a Day,Northrop HS,Nate Zabel,nate.zabel@kestrel.com,Kestrel Engineering,Classroom Volunteer,3,3,3,Yes,Staff support was excellent.,Fine.,,Yes
JA-24033,2025-10-18T13:56,JA Inspire,Leo JR/SR HS,Owen Fowler,owen.fowler@northgate.com,Northgate Logistics,Classroom Volunteer,5,4,2,,Staff support was excellent.,Nothing - it was well organized.,Nothing to add,Yes
JA-24034,2025-11-09T07:25,JA Company Program,Northrop HS,Greta Ikeda,greta.ikeda@summit.com,Summit Financial Group,Classroom Volunteer,4,5,3,Maybe,,None,I'd like to do more than one classroom next time. Please reach out in August.,Yes
JA-24035,2026-01-15T20:51,JA Finance Park,Woodside MS,Alexis Escobar,alexis.escobar@northgate.com,Northgate Logistics,Site Lead,4,4,5,,The students were engaged.,Good,,Yes
JA-24036,2026-03-01T21:09,JA Company Program,Carroll MS,Grant Brennan,grant.brennan@foundry.com,Foundry Digital Agency,Event Volunteer,5,4,4,Maybe,Good structure.,N/A,Maybe in the spring - fall is hard for me.,Yes
JA-24037,2026-03-31T13:10,JA BizTown,Wayne HS,Miles Quintero,miles.quintero@bluffton.com,Bluffton Steel Works,Board/Committee Prospect,1,2,1,Maybe,Good structure.,Good program.,Classroom management was a struggle and I did not feel supported.,Yes
JA-24038,2025-10-06T13:27,JA Company Program,Carroll MS,Brett Chandra,brett.chandra@foundry.com,Foundry Digital Agency,Board/Committee Prospect,4,3,2,,Good structure.,I never received the training link. Had to wing it.,What a great day. The students asked wonderful questions.,Yes
JA-24039,2025-12-31T10:17,JA in a Day,Wayne HS,Hana Finnegan,hana.finnegan@harrison.com,Harrison & Locke LLP,Classroom Volunteer,5,4,2,,Good structure.,Fine.,What a great day. The students asked wonderful questions.,Yes
JA-24040,2026-04-26T11:16,JA BizTown,Wayne HS,Miles Vasquez,miles.vasquez@kestrel.com,Kestrel Engineering,Career Speaker,4,5,4,,,More time with the students.,Reach out in a few months and I might have more capacity then.,No
JA-24041,2026-01-27T21:26,JA Career Speaker Series,Northrop HS,Reggie Escobar,reggie.escobar@northgate.com,Northgate Logistics,Classroom Volunteer,2,2,3,No,The students were engaged.,Parking was a nightmare and no one met me at the door.,Classroom management was a struggle and I did not feel supported.,
JA-24042,2026-03-29T07:28,JA Career Speaker Series,Lakeside MS,Tomas Kowalski,tomas.kowalski@wabash.com,Wabash Valley Energy,Classroom Volunteer,5,5,2,No,Staff support was excellent.,N/A,"Great program, great kids, great day all around.",Yes
JA-24043,2025-09-09T14:31,JA Career Speaker Series,Leo JR/SR HS,Alexis Marsh,alexis.marsh@wabash.com,Wabash Valley Energy,Classroom Volunteer,3,5,5,,Good structure.,I was scheduled for a grade level I wasn't prepared for.,Best volunteer experience I've had in years.,Yes
JA-24044,2025-12-18T12:08,JA Inspire,Blackhawk MS,Nate Alvarez,nate.alvarez@wabash.com,Wabash Valley Energy,Career Speaker,1,1,2,,,Parking was a nightmare and no one met me at the door.,The materials arrived late and I had to improvise the first hour.,Yes
JA-24045,2025-12-25T17:19,JA Finance Park,Blackhawk MS,Alexis Petrosyan,alexis.petrosyan@cardinal.com,Cardinal Trust Bank,Event Volunteer,3,4,3,Maybe,Staff support was excellent.,None,Reach out in a few months and I might have more capacity then.,No
JA-24046,2026-04-30T13:37,JA Company Program,Snider HS,Talia Yeager,talia.yeager@kestrel.com,Kestrel Engineering,Career Speaker,3,5,5,Yes,Loved the hands-on parts.,No comment,Wonderful. Thank you for the opportunity.,No
JA-24047,2026-02-03T13:11,JA in a Day,Memorial Park MS,Reggie Sandoval,reggie.sandoval@foundry.com,Foundry Digital Agency,Event Volunteer,3,4,2,,The materials were clear.,Good program.,Excellent experience from start to finish.,
JA-24048,2026-06-12T14:38,JA Career Speaker Series,Homestead HS,Brett Thibodeaux,brett.thibodeaux@cardinal.com,Cardinal Trust Bank,Event Volunteer,4,3,5,Yes,Loved the hands-on parts.,,Very impressed with the organization and the materials.,
JA-24049,2025-12-08T11:54,JA Career Speaker Series,Blackhawk MS,Yolanda Boone,yolanda.boone@summit.com,Summit Financial Group,Site Lead,3,5,5,Maybe,The materials were clear.,Nothing - it was well organized.,Would think about it if there were a shorter commitment option.,No
JA-24050,2026-02-22T20:03,JA Career Speaker Series,Lakeside MS,Sasha Kowalski,sasha.kowalski@maplewood.com,Maplewood Health Partners,Career Speaker,4,5,3,Maybe,,-,Fine.,Yes
JA-24051,2026-03-02T21:35,JA Company Program,Northrop HS,Naomi Gutierrez,naomi.gutierrez@cardinal.com,Cardinal Trust Bank,Board/Committee Prospect,3,3,4,Yes,Loved the hands-on parts.,n/a,Best volunteer experience I've had in years.,Yes
JA-24052,2026-03-25T16:02,JA Career Speaker Series,Lakeside MS,Erin Vasquez,erin.vasquez@ridgeline.com,Ridgeline Manufacturing,Career Speaker,4,4,3,,Staff support was excellent.,Classroom management was a struggle and I did not feel supported.,n/a,Yes
JA-24053,2026-02-20T14:01,JA BizTown,Shawnee MS,Renee Yeager,renee.yeager@wabash.com,Wabash Valley Energy,Career Speaker,3,3,3,Yes,,-,N/A,Yes
JA-24054,2025-10-15T14:53,JA Finance Park,Woodside MS,Bianca Quintero,bianca.quintero@foundry.com,Foundry Digital Agency,Site Lead,5,5,2,,Staff support was excellent.,-,Good program.,
JA-24055,2025-10-12T20:35,JA Inspire,Jefferson MS,Yolanda Marsh,yolanda.marsh@northgate.com,Northgate Logistics,Classroom Volunteer,4,5,5,Maybe,The students were engaged.,I was scheduled for a grade level I wasn't prepared for.,Would think about it if there were a shorter commitment option.,Yes
JA-24056,2026-02-22T09:37,JA Inspire,Homestead HS,Casey Ikeda,casey.ikeda@northgate.com,Northgate Logistics,Event Volunteer,3,5,2,,,Fine.,I had a lot of fun and I think the students got a lot out of it.,Yes
JA-24057,2026-03-12T14:37,JA Company Program,Woodside MS,Priya Brennan,priya.brennan@wabash.com,Wabash Valley Energy,Career Speaker,3,4,5,,Staff support was excellent.,Classroom management was a struggle and I did not feel supported.,Loved it. The curriculum was excellent and easy to follow.,No
JA-24058,2026-01-06T20:08,JA Inspire,Northrop HS,Marcus Brennan,marcus.brennan@kestrel.com,Kestrel Engineering,Board/Committee Prospect,3,4,3,,Good structure.,No comment,Let me know when registration opens and I'll see where things stand.,Yes
JA-24059,2025-10-29T08:29,JA in a Day,Shawnee MS,Colin Ikeda,colin.ikeda@harrison.com,Harrison & Locke LLP,Classroom Volunteer,3,4,3,Maybe,,Good,Loved it. The curriculum was excellent and easy to follow.,Yes
JA-24060,2026-01-16T14:41,JA Company Program,Lakeside MS,Alexis Vasquez,alexis.vasquez@maplewood.com,Maplewood Health Partners,Site Lead,1,3,1,Maybe,Loved the hands-on parts.,I was scheduled for a grade level I wasn't prepared for.,I never received the training link. Had to wing it.,Yes
JA-24061,2026-06-27T10:01,JA Career Speaker Series,Memorial Park MS,Wes Petrosyan,wes.petrosyan@foundry.com,Foundry Digital Agency,Career Speaker,4,5,4,Yes,The students were engaged.,Too much content for the time allotted. Felt rushed the whole time.,I'd like to do more than one classroom next time. Please reach out in August.,Yes
JA-24062,2026-03-06T11:52,JA BizTown,Leo JR/SR HS,Bianca Fowler,bianca.fowler@maplewood.com,Maplewood Health Partners,Event Volunteer,5,5,5,Yes,,Nothing to add,Loved it. The curriculum was excellent and easy to follow.,No
JA-24063,2026-06-20T13:46,JA in a Day,Leo JR/SR HS,Tomas Brennan,tomas.brennan@northgate.com,Northgate Logistics,Event Volunteer,5,5,3,Yes,The materials were clear.,Too much content for the time allotted. Felt rushed the whole time.,Please put me on the list for next year - same school if possible.,
JA-24064,2025-09-29T17:10,JA Finance Park,Wayne HS,Talia Whitfield,talia.whitfield@bluffton.com,Bluffton Steel Works,Site Lead,5,3,5,,Good structure.,,Fantastic program. The kids were so engaged the entire time.,
JA-24065,2026-06-10T17:38,JA in a Day,Memorial Park MS,Miles Finnegan,miles.finnegan@harrison.com,Harrison & Locke LLP,Career Speaker,5,5,3,Yes,Good structure.,Nothing - it was well organized.,Please add me to your speaker list - I can do a career day at any school.,No
JA-24066,2025-09-04T11:32,JA in a Day,Jefferson MS,Reggie Ashby,reggie.ashby@summit.com,Summit Financial Group,Classroom Volunteer,5,4,3,Yes,,N/A,Nothing to add,Yes
JA-24067,2025-12-27T21:34,JA BizTown,Carroll MS,Aisha Okafor,aisha.okafor@kestrel.com,Kestrel Engineering,Career Speaker,3,5,3,Maybe,Staff support was excellent.,,n/a,No
JA-24068,2026-01-16T19:48,JA Career Speaker Series,Woodside MS,Renee Lindqvist,renee.lindqvist@summit.com,Summit Financial Group,Site Lead,3,5,2,,Staff support was excellent.,I never received the training link. Had to wing it.,Fine.,No
JA-24069,2026-04-26T16:41,JA Company Program,Leo JR/SR HS,Talia Marsh,talia.marsh@wabash.com,Wabash Valley Energy,Event Volunteer,4,5,5,Yes,Good structure.,Good program.,"Depends on work, but keep me on the email list.",
JA-24070,2025-09-17T07:27,JA BizTown,Jefferson MS,Greta Zabel,greta.zabel@maplewood.com,Maplewood Health Partners,Board/Committee Prospect,3,5,5,Maybe,The materials were clear.,The materials arrived late and I had to improvise the first hour.,Best volunteer experience I've had in years.,
JA-24071,2026-01-15T17:50,JA in a Day,Shawnee MS,Yolanda Chandra,yolanda.chandra@three.com,Three Rivers Credit Union,Site Lead,3,3,3,Maybe,Loved the hands-on parts.,Good program.,Parking was a nightmare and no one met me at the door.,
JA-24072,2026-04-10T19:47,JA Inspire,Carroll MS,Brett Gutierrez,brett.gutierrez@foundry.com,Foundry Digital Agency,Board/Committee Prospect,5,5,4,Yes,Good structure.,It would help to pair new volunteers with experienced ones - I'd gladly mentor someone next year.,Fantastic program. The kids were so engaged the entire time.,
JA-24073,2026-02-17T19:06,JA Finance Park,Wayne HS,Greta Ulrich,greta.ulrich@bluffton.com,Bluffton Steel Works,Board/Committee Prospect,5,5,4,Yes,Loved the hands-on parts.,None,Fantastic program. The kids were so engaged the entire time.,
JA-24074,2025-09-27T15:51,JA Finance Park,Leo JR/SR HS,Yolanda Devries,yolanda.devries@maplewood.com,Maplewood Health Partners,Career Speaker,5,4,3,Yes,Good structure.,n/a,Excellent experience from start to finish.,Yes
JA-24075,2025-09-02T11:58,JA BizTown,Snider HS,Mei Alvarez,mei.alvarez@bluffton.com,Bluffton Steel Works,Event Volunteer,3,3,4,,Loved the hands-on parts.,None,This was such a rewarding experience. The students were wonderful.,Yes
JA-24076,2025-11-02T13:12,JA Inspire,Memorial Park MS,Grant Ikeda,grant.ikeda@three.com,Three Rivers Credit Union,Career Speaker,5,3,5,Maybe,The materials were clear.,The materials arrived late and I had to improvise the first hour.,"If you're ever short someone last minute, I might be able to fill in.",Yes
JA-24077,2026-05-14T16:33,JA Inspire,Jefferson MS,Priya Escobar,priya.escobar@harrison.com,Harrison & Locke LLP,Event Volunteer,4,3,3,,Good structure.,Good,,Yes
JA-24078,2026-05-04T09:20,JA in a Day,Shawnee MS,Casey Whitfield,casey.whitfield@allen.com,Allen Mutual Insurance,Event Volunteer,3,3,5,,The materials were clear.,No comment,-,
JA-24079,2025-09-16T17:54,JA Career Speaker Series,Memorial Park MS,Hana Zabel,hana.zabel@three.com,Three Rivers Credit Union,Site Lead,3,3,4,Yes,Staff support was excellent.,,"Possibly next year, depending on my travel schedule.",Yes
JA-24080,2025-09-22T16:17,JA BizTown,Jefferson MS,Owen Ellsworth,owen.ellsworth@allen.com,Allen Mutual Insurance,Career Speaker,3,3,3,Maybe,The materials were clear.,,Maybe in the spring - fall is hard for me.,
JA-24081,2026-01-21T17:52,JA Finance Park,Northrop HS,Tomas Reyes,tomas.reyes@cardinal.com,Cardinal Trust Bank,Site Lead,2,1,1,Maybe,The materials were clear.,Good,The materials arrived late and I had to improvise the first hour.,No
JA-24082,2026-03-08T18:09,JA in a Day,Homestead HS,Casey Hollis,casey.hollis@harrison.com,Harrison & Locke LLP,Board/Committee Prospect,3,4,3,Maybe,,Classroom management was a struggle and I did not feel supported.,Very impressed with the organization and the materials.,
JA-24083,2026-05-13T17:13,JA BizTown,Shawnee MS,Erin Escobar,erin.escobar@maplewood.com,Maplewood Health Partners,Career Speaker,5,3,5,Maybe,Loved the hands-on parts.,More time with the students.,Good,Yes
JA-24084,2026-01-13T13:32,JA Inspire,Homestead HS,Jordan Vasquez,jordan.vasquez@bluffton.com,Bluffton Steel Works,Event Volunteer,3,3,4,Maybe,,No comment,"Possibly next year, depending on my travel schedule.",Yes
JA-24085,2025-09-04T13:41,JA Inspire,Snider HS,Yolanda Hollis,yolanda.hollis@cardinal.com,Cardinal Trust Bank,Career Speaker,5,3,4,Maybe,The students were engaged.,Good,Fine.,
JA-24086,2025-11-23T10:53,JA Career Speaker Series,Carroll MS,Mei Escobar,mei.escobar@harrison.com,Harrison & Locke LLP,Career Speaker,5,4,3,Maybe,,,Would think about it if there were a shorter commitment option.,Yes
JA-24087,2026-06-09T11:17,JA Inspire,Memorial Park MS,Alexis Zabel,alexis.zabel@allen.com,Allen Mutual Insurance,Site Lead,4,4,4,,Staff support was excellent.,Too much content for the time allotted. Felt rushed the whole time.,Fine.,No
JA-24088,2026-01-14T16:42,JA Inspire,Carroll MS,Tomas Ulrich,tomas.ulrich@kestrel.com,Kestrel Engineering,Board/Committee Prospect,3,4,4,Yes,The materials were clear.,,"Possibly next year, depending on my travel schedule.",
JA-24089,2026-03-28T12:06,JA BizTown,Leo JR/SR HS,Miles Ashby,miles.ashby@bluffton.com,Bluffton Steel Works,Career Speaker,3,4,2,Yes,The students were engaged.,Good program.,,Yes
JA-24090,2026-02-14T19:53,JA Company Program,Memorial Park MS,Mei Gutierrez,mei.gutierrez@summit.com,Summit Financial Group,Career Speaker,4,3,5,Maybe,Staff support was excellent.,Nothing to add,"Depends on work, but keep me on the email list.",Yes
JA-24091,2025-11-01T17:50,JA Career Speaker Series,Northrop HS,Dana Whitfield,dana.whitfield@allen.com,Allen Mutual Insurance,Event Volunteer,2,3,1,No,The students were engaged.,The materials arrived late and I had to improvise the first hour.,I never received the training link. Had to wing it.,Yes
JA-24092,2026-04-14T17:51,JA Career Speaker Series,Shawnee MS,Miles Nunez,miles.nunez@cardinal.com,Cardinal Trust Bank,Board/Committee Prospect,4,3,3,,The materials were clear.,Nothing to add,,Yes
JA-24093,2026-05-16T16:56,JA Inspire,Lakeside MS,Mei Quintero,mei.quintero@ridgeline.com,Ridgeline Manufacturing,Classroom Volunteer,2,3,3,Maybe,Good structure.,Classroom management was a struggle and I did not feel supported.,I never received the training link. Had to wing it.,Yes
JA-24094,2026-04-06T15:30,JA Career Speaker Series,Blackhawk MS,Nate Sandoval,nate.sandoval@foundry.com,Foundry Digital Agency,Site Lead,5,5,3,,Loved the hands-on parts.,No comment,Fantastic program. The kids were so engaged the entire time.,Yes
JA-24095,2025-11-07T07:46,JA in a Day,Memorial Park MS,Naomi Lindqvist,naomi.lindqvist@foundry.com,Foundry Digital Agency,Classroom Volunteer,1,2,3,Maybe,The materials were clear.,I was scheduled for a grade level I wasn't prepared for.,Too much content for the time allotted. Felt rushed the whole time.,
JA-24096,2026-02-08T21:54,JA BizTown,Snider HS,Alexis Ulrich,alexis.ulrich@kestrel.com,Kestrel Engineering,Site Lead,4,3,3,,,No comment,I had a lot of fun and I think the students got a lot out of it.,Yes
JA-24097,2026-03-23T09:26,JA BizTown,Memorial Park MS,Ibrahim Boone,ibrahim.boone@foundry.com,Foundry Digital Agency,Board/Committee Prospect,5,3,5,No,The materials were clear.,-,Good,Yes
JA-24098,2026-03-16T19:44,JA Inspire,Lakeside MS,Tomas Ashby,tomas.ashby@cardinal.com,Cardinal Trust Bank,Career Speaker,5,5,5,Yes,The materials were clear.,More time with the students.,Nothing to add,Yes
JA-24099,2025-09-29T12:43,JA Finance Park,Homestead HS,Erin Okafor,erin.okafor@summit.com,Summit Financial Group,Career Speaker,3,1,1,No,The students were engaged.,None,I was scheduled for a grade level I wasn't prepared for.,Yes
JA-24100,2026-01-09T08:57,JA in a Day,Lakeside MS,Marcus Ashby,marcus.ashby@ridgeline.com,Ridgeline Manufacturing,Event Volunteer,5,4,4,Maybe,Good structure.,Good,Wonderful. Thank you for the opportunity.,Yes
JA-24101,2026-05-28T19:05,JA Inspire,Lakeside MS,Talia Brennan,talia.brennan@cardinal.com,Cardinal Trust Bank,Board/Committee Prospect,4,4,5,Yes,Good structure.,Fine.,"Possibly next year, depending on my travel schedule.",Yes
JA-24102,2025-09-09T07:32,JA Finance Park,Woodside MS,Colin Ashby,colin.ashby@three.com,Three Rivers Credit Union,Event Volunteer,4,3,5,,Loved the hands-on parts.,Parking was a nightmare and no one met me at the door.,,
JA-24103,2026-03-03T13:52,JA in a Day,Lakeside MS,Dana Petrosyan,dana.petrosyan@maplewood.com,Maplewood Health Partners,Event Volunteer,4,4,3,Yes,,None,I had a lot of fun and I think the students got a lot out of it.,
JA-24104,2026-06-24T11:16,JA Finance Park,Snider HS,Priya Zabel,priya.zabel@summit.com,Summit Financial Group,Event Volunteer,3,4,4,Yes,Staff support was excellent.,Nothing - it was well organized.,,Yes
JA-24105,2026-04-13T12:43,JA in a Day,Northrop HS,Colin Zabel,colin.zabel@ridgeline.com,Ridgeline Manufacturing,Career Speaker,5,5,2,,Good structure.,N/A,Best volunteer experience I've had in years.,
JA-24106,2025-10-09T20:10,JA in a Day,Lakeside MS,Simone Kowalski,simone.kowalski@summit.com,Summit Financial Group,Board/Committee Prospect,3,5,2,Maybe,Staff support was excellent.,I was scheduled for a grade level I wasn't prepared for.,,Yes
JA-24107,2025-12-24T09:29,JA Inspire,Lakeside MS,Bianca Ikeda,bianca.ikeda@harrison.com,Harrison & Locke LLP,Site Lead,4,3,3,Yes,The materials were clear.,-,Excellent experience from start to finish.,Yes
JA-24108,2026-02-15T17:03,JA Career Speaker Series,Leo JR/SR HS,Brett Dupree,brett.dupree@summit.com,Summit Financial Group,Event Volunteer,4,5,4,Maybe,Staff support was excellent.,Good program.,"Possibly next year, depending on my travel schedule.",No
JA-24109,2026-01-25T15:41,JA Company Program,Carroll MS,Jordan Lindqvist,jordan.lindqvist@kestrel.com,Kestrel Engineering,Event Volunteer,5,4,5,,,Good,Really well run. Thank you for everything you do.,
JA-24110,2025-10-26T21:24,JA Inspire,Homestead HS,Marcus Escobar,marcus.escobar@bluffton.com,Bluffton Steel Works,Event Volunteer,3,2,3,No,The students were engaged.,Nothing to add,Parking was a nightmare and no one met me at the door.,
JA-24111,2026-04-29T09:50,JA Finance Park,Blackhawk MS,Reggie Nunez,reggie.nunez@summit.com,Summit Financial Group,Career Speaker,4,5,4,,Staff support was excellent.,Parking was a nightmare and no one met me at the door.,My employer has a community giving budget and I think this would be a great fit. Happy to make an introduction.,Yes
JA-24112,2026-01-28T16:03,JA Company Program,Snider HS,Marcus Jarrett,marcus.jarrett@maplewood.com,Maplewood Health Partners,Career Speaker,4,3,2,Maybe,Staff support was excellent.,The materials arrived late and I had to improvise the first hour.,Wonderful. Thank you for the opportunity.,No
JA-24113,2026-02-03T11:53,JA BizTown,Northrop HS,Tomas Quintero,tomas.quintero@foundry.com,Foundry Digital Agency,Board/Committee Prospect,4,4,4,,Good structure.,Parking was a nightmare and no one met me at the door.,"Depends on work, but keep me on the email list.",Yes
JA-24114,2026-02-04T17:09,JA BizTown,Wayne HS,Tomas Marsh,tomas.marsh@three.com,Three Rivers Credit Union,Classroom Volunteer,5,3,4,,The students were engaged.,Good program.,Nothing to add,Yes
JA-24115,2026-05-07T20:41,JA Finance Park,Blackhawk MS,Pierre Kowalski,pierre.kowalski@northgate.com,Northgate Logistics,Site Lead,5,4,3,Maybe,The materials were clear.,The materials arrived late and I had to improvise the first hour.,Maybe in the spring - fall is hard for me.,
JA-24116,2026-05-22T09:05,JA Career Speaker Series,Memorial Park MS,Renee Kowalski,renee.kowalski@wabash.com,Wabash Valley Energy,Career Speaker,5,3,5,Maybe,Staff support was excellent.,,Excellent experience from start to finish.,Yes
JA-24117,2026-05-27T21:48,JA Career Speaker Series,Northrop HS,Priya Marsh,priya.marsh@foundry.com,Foundry Digital Agency,Board/Committee Prospect,3,5,2,,,Classroom management was a struggle and I did not feel supported.,Wonderful. Thank you for the opportunity.,
JA-24118,2026-02-21T12:47,JA Career Speaker Series,Northrop HS,Owen Xu,owen.xu@kestrel.com,Kestrel Engineering,Board/Committee Prospect,5,4,4,Maybe,The students were engaged.,-,Would think about it if there were a shorter commitment option.,Yes
JA-24119,2026-01-25T19:15,JA Inspire,Northrop HS,Hana Whitfield,hana.whitfield@cardinal.com,Cardinal Trust Bank,Event Volunteer,4,5,3,Maybe,The students were engaged.,I never received the training link. Had to wing it.,Is there a way to get involved beyond the classroom? I have the time and I'd like to help.,Yes
JA-24120,2025-11-05T11:12,JA Company Program,Wayne HS,Yolanda Escobar,yolanda.escobar@cardinal.com,Cardinal Trust Bank,Event Volunteer,5,5,5,Yes,The materials were clear.,No comment,Our company is looking for a signature community partnership. Please call me.,Yes
JA-24121,2026-05-07T13:06,JA Company Program,Wayne HS,Bianca Lindqvist,bianca.lindqvist@harrison.com,Harrison & Locke LLP,Classroom Volunteer,5,5,5,Yes,Good structure.,Fine.,N/A,
JA-24122,2025-10-09T13:59,JA Finance Park,Woodside MS,Pierre Xu,pierre.xu@kestrel.com,Kestrel Engineering,Board/Committee Prospect,3,5,2,Maybe,The materials were clear.,More time with the students.,N/A,Yes
JA-24123,2025-12-05T17:31,JA Career Speaker Series,Jefferson MS,Casey Lindqvist,casey.lindqvist@kestrel.com,Kestrel Engineering,Event Volunteer,4,5,5,,Loved the hands-on parts.,Classroom management was a struggle and I did not feel supported.,No comment,Yes
JA-24124,2026-02-24T14:16,JA Career Speaker Series,Woodside MS,Priya Ikeda,priya.ikeda@wabash.com,Wabash Valley Energy,Classroom Volunteer,2,2,2,No,Staff support was excellent.,-,Parking was a nightmare and no one met me at the door.,
JA-24125,2025-09-19T10:57,JA Finance Park,Wayne HS,Greta Reyes,greta.reyes@three.com,Three Rivers Credit Union,Board/Committee Prospect,3,4,3,Maybe,The materials were clear.,Parking was a nightmare and no one met me at the door.,I'd consider it if the sessions were in the afternoon.,Yes
JA-24126,2026-01-17T17:33,JA Career Speaker Series,Shawnee MS,Pierre Ellsworth,pierre.ellsworth@kestrel.com,Kestrel Engineering,Event Volunteer,4,4,5,Maybe,Good structure.,None,"Possibly next year, depending on my travel schedule.",Yes
JA-24127,2025-12-14T21:49,JA Inspire,Wayne HS,Erin Whitfield,erin.whitfield@cardinal.com,Cardinal Trust Bank,Classroom Volunteer,4,5,4,Maybe,Good structure.,,I had a lot of fun and I think the students got a lot out of it.,
JA-24128,2025-10-09T21:05,JA in a Day,Wayne HS,Erin Kowalski,erin.kowalski@wabash.com,Wabash Valley Energy,Event Volunteer,4,4,2,,Staff support was excellent.,-,Loved it. The curriculum was excellent and easy to follow.,Yes
JA-24129,2026-03-06T12:24,JA Inspire,Northrop HS,Marcus Ikeda,marcus.ikeda@harrison.com,Harrison & Locke LLP,Event Volunteer,5,5,2,No,Staff support was excellent.,More time with the students.,Fine.,Yes
JA-24130,2025-12-17T11:31,JA in a Day,Northrop HS,Reggie Okafor,reggie.okafor@allen.com,Allen Mutual Insurance,Site Lead,4,3,3,Maybe,Staff support was excellent.,I was scheduled for a grade level I wasn't prepared for.,The staff were amazing and the students were a joy to work with.,Yes
JA-24131,2026-03-09T19:13,JA Finance Park,Leo JR/SR HS,Yolanda Nunez,yolanda.nunez@northgate.com,Northgate Logistics,Career Speaker,5,5,3,,Loved the hands-on parts.,More time with the students.,Very impressed with the organization and the materials.,Yes
JA-24132,2025-11-14T09:00,JA in a Day,Wayne HS,Jordan Alvarez,jordan.alvarez@kestrel.com,Kestrel Engineering,Event Volunteer,3,4,2,,,More time with the students.,,Yes
JA-24133,2025-10-08T14:56,JA Career Speaker Series,Carroll MS,Reggie Vasquez,reggie.vasquez@northgate.com,Northgate Logistics,Event Volunteer,3,3,2,,Staff support was excellent.,Good program.,I had a lot of fun and I think the students got a lot out of it.,Yes
JA-24134,2026-03-02T13:26,JA Finance Park,Lakeside MS,Alexis Gutierrez,alexis.gutierrez@foundry.com,Foundry Digital Agency,Board/Committee Prospect,4,4,3,,Staff support was excellent.,No comment,,No
JA-24135,2026-02-22T20:17,JA in a Day,Blackhawk MS,Bianca Alvarez,bianca.alvarez@harrison.com,Harrison & Locke LLP,Event Volunteer,4,3,5,Maybe,,No comment,"Great program, great kids, great day all around.",Yes
JA-24136,2026-03-28T19:14,JA in a Day,Woodside MS,Miles Ulrich,miles.ulrich@wabash.com,Wabash Valley Energy,Board/Committee Prospect,3,5,5,Maybe,Loved the hands-on parts.,Parking was a nightmare and no one met me at the door.,Let me know when registration opens and I'll see where things stand.,Yes
JA-24137,2025-12-10T09:15,JA Company Program,Wayne HS,Devon Reyes,devon.reyes@foundry.com,Foundry Digital Agency,Career Speaker,4,3,3,Maybe,The students were engaged.,,"Depends on work, but keep me on the email list.",Yes
JA-24138,2026-01-19T12:23,JA in a Day,Wayne HS,Mei Kowalski,mei.kowalski@maplewood.com,Maplewood Health Partners,Site Lead,5,4,3,Yes,Loved the hands-on parts.,I never received the training link. Had to wing it.,I had a lot of fun and I think the students got a lot out of it.,Yes
JA-24139,2025-11-28T07:59,JA Career Speaker Series,Snider HS,Wes Chandra,wes.chandra@ridgeline.com,Ridgeline Manufacturing,Event Volunteer,4,4,2,,The students were engaged.,No comment,Good,Yes
JA-24140,2026-01-18T17:04,JA in a Day,Lakeside MS,Pierre Ikeda,pierre.ikeda@three.com,Three Rivers Credit Union,Classroom Volunteer,4,4,5,,The materials were clear.,Good program.,n/a,
JA-24141,2026-04-23T11:36,JA Company Program,Snider HS,Devon Zabel,devon.zabel@three.com,Three Rivers Credit Union,Career Speaker,1,2,2,Maybe,The students were engaged.,I was scheduled for a grade level I wasn't prepared for.,Too much content for the time allotted. Felt rushed the whole time.,
JA-24142,2025-11-13T15:59,JA BizTown,Blackhawk MS,Colin Thibodeaux,colin.thibodeaux@cardinal.com,Cardinal Trust Bank,Career Speaker,3,4,4,Maybe,The materials were clear.,Nothing - it was well organized.,"Possibly next year, depending on my travel schedule.",No
JA-24143,2025-09-10T19:41,JA Finance Park,Memorial Park MS,Brett Yeager,brett.yeager@maplewood.com,Maplewood Health Partners,Career Speaker,5,4,2,,Staff support was excellent.,Good program.,Fine.,Yes
JA-24144,2026-04-18T07:04,JA in a Day,Shawnee MS,Bianca Xu,bianca.xu@northgate.com,Northgate Logistics,Classroom Volunteer,3,4,3,Maybe,Loved the hands-on parts.,More time with the students.,"Possibly next year, depending on my travel schedule.",Yes
JA-24145,2026-04-17T16:53,JA Inspire,Woodside MS,Greta Whitfield,greta.whitfield@kestrel.com,Kestrel Engineering,Site Lead,5,5,4,,Good structure.,,,Yes
JA-24146,2026-03-31T20:37,JA Company Program,Shawnee MS,Yolanda Lindqvist,yolanda.lindqvist@maplewood.com,Maplewood Health Partners,Site Lead,4,5,3,Yes,Staff support was excellent.,No comment,Happy to be a site lead next time if you need one.,Yes
JA-24147,2025-11-20T14:10,JA in a Day,Shawnee MS,Bianca Marsh,bianca.marsh@allen.com,Allen Mutual Insurance,Board/Committee Prospect,4,4,4,,Staff support was excellent.,No comment,Good program.,
JA-24148,2026-02-15T07:53,JA Inspire,Jefferson MS,Mei Vasquez,mei.vasquez@kestrel.com,Kestrel Engineering,Board/Committee Prospect,1,1,2,No,The students were engaged.,I was scheduled for a grade level I wasn't prepared for.,I never received the training link. Had to wing it.,
JA-24149,2026-01-18T18:33,JA in a Day,Shawnee MS,Devon Kowalski,devon.kowalski@cardinal.com,Cardinal Trust Bank,Event Volunteer,4,4,3,Maybe,The materials were clear.,,"If you're ever short someone last minute, I might be able to fill in.",Yes
JA-24150,2026-05-03T07:49,JA BizTown,Carroll MS,Ibrahim Ashby,ibrahim.ashby@allen.com,Allen Mutual Insurance,Event Volunteer,5,3,2,Yes,The students were engaged.,More time with the students.,-,
JA-24151,2025-09-18T08:08,JA Career Speaker Series,Homestead HS,Renee Petrosyan,renee.petrosyan@maplewood.com,Maplewood Health Partners,Event Volunteer,3,5,4,Yes,Good structure.,None,Would think about it if there were a shorter commitment option.,Yes
JA-24152,2026-06-17T11:33,JA BizTown,Snider HS,Brett Vasquez,brett.vasquez@three.com,Three Rivers Credit Union,Board/Committee Prospect,5,5,4,Yes,The students were engaged.,I never received the training link. Had to wing it.,Put me down for all three sessions next year. This is the best thing we do.,Yes
JA-24153,2026-05-03T09:59,JA BizTown,Memorial Park MS,Aisha Ikeda,aisha.ikeda@ridgeline.com,Ridgeline Manufacturing,Event Volunteer,4,5,3,Yes,The materials were clear.,Fine.,Very impressed with the organization and the materials.,Yes
JA-24154,2026-01-11T18:55,JA Company Program,Blackhawk MS,Erin Ulrich,erin.ulrich@foundry.com,Foundry Digital Agency,Site Lead,5,4,4,Maybe,Good structure.,,Maybe in the spring - fall is hard for me.,Yes
JA-24155,2025-10-02T18:26,JA BizTown,Carroll MS,Bianca Thibodeaux,bianca.thibodeaux@bluffton.com,Bluffton Steel Works,Classroom Volunteer,3,1,2,,,Parking was a nightmare and no one met me at the door.,Too much content for the time allotted. Felt rushed the whole time.,Yes
JA-24156,2025-11-08T10:16,JA Finance Park,Wayne HS,Naomi Fowler,naomi.fowler@maplewood.com,Maplewood Health Partners,Board/Committee Prospect,2,2,1,No,The materials were clear.,Parking was a nightmare and no one met me at the door.,Too much content for the time allotted. Felt rushed the whole time.,Yes
JA-24157,2026-02-15T07:50,JA Career Speaker Series,Blackhawk MS,Mei Dupree,mei.dupree@three.com,Three Rivers Credit Union,Board/Committee Prospect,5,5,5,Maybe,,The materials arrived late and I had to improvise the first hour.,I would love to come back. Sign me up for the spring session.,Yes
JA-24158,2026-02-19T14:57,JA Company Program,Memorial Park MS,Devon Marsh,devon.marsh@cardinal.com,Cardinal Trust Bank,Event Volunteer,4,4,3,Maybe,The students were engaged.,I never received the training link. Had to wing it.,I had a lot of fun and I think the students got a lot out of it.,
JA-24159,2026-02-14T11:59,JA in a Day,Wayne HS,Sasha Escobar,sasha.escobar@summit.com,Summit Financial Group,Site Lead,3,3,3,Maybe,The materials were clear.,,Too much content for the time allotted. Felt rushed the whole time.,
JA-24160,2026-01-27T09:04,JA in a Day,Woodside MS,Priya Ulrich,priya.ulrich@maplewood.com,Maplewood Health Partners,Board/Committee Prospect,3,3,2,,The materials were clear.,None,N/A,No
JA-24161,2026-01-28T20:52,JA Inspire,Wayne HS,Andre Ulrich,andre.ulrich@foundry.com,Foundry Digital Agency,Board/Committee Prospect,4,5,3,Yes,The students were engaged.,The materials arrived late and I had to improvise the first hour.,Please put me on the list for next year - same school if possible.,
JA-24162,2026-06-27T15:20,JA BizTown,Snider HS,Yolanda Thibodeaux,yolanda.thibodeaux@allen.com,Allen Mutual Insurance,Board/Committee Prospect,5,3,5,Maybe,Loved the hands-on parts.,Nothing to add,Very impressed with the organization and the materials.,No
JA-24163,2026-01-07T17:21,JA BizTown,Leo JR/SR HS,Ibrahim Quintero,ibrahim.quintero@allen.com,Allen Mutual Insurance,Site Lead,4,5,2,Yes,,No comment,Loved it. The curriculum was excellent and easy to follow.,Yes
JA-24164,2026-04-25T11:14,JA BizTown,Blackhawk MS,Marcus Marsh,marcus.marsh@bluffton.com,Bluffton Steel Works,Career Speaker,3,3,4,Maybe,The materials were clear.,I never received the training link. Had to wing it.,Loved it. The curriculum was excellent and easy to follow.,
JA-24165,2026-04-26T10:48,JA in a Day,Northrop HS,Reggie Devries,reggie.devries@bluffton.com,Bluffton Steel Works,Classroom Volunteer,5,5,5,,The students were engaged.,Good,This was such a rewarding experience. The students were wonderful.,
JA-24166,2025-11-21T08:46,JA Company Program,Carroll MS,Pierre Thibodeaux,pierre.thibodeaux@harrison.com,Harrison & Locke LLP,Classroom Volunteer,3,3,5,,The materials were clear.,More time with the students.,This was such a rewarding experience. The students were wonderful.,No
JA-24167,2025-09-07T09:32,JA BizTown,Homestead HS,Renee Ulrich,renee.ulrich@three.com,Three Rivers Credit Union,Site Lead,2,2,1,No,Loved the hands-on parts.,None,Parking was a nightmare and no one met me at the door.,Yes
JA-24168,2025-12-19T20:28,JA in a Day,Snider HS,Sasha Fowler,sasha.fowler@northgate.com,Northgate Logistics,Career Speaker,4,4,3,Yes,The students were engaged.,I never received the training link. Had to wing it.,What a great day. The students asked wonderful questions.,Yes
JA-24169,2025-10-26T12:30,JA in a Day,Woodside MS,Jordan Boone,jordan.boone@summit.com,Summit Financial Group,Career Speaker,4,5,3,Yes,,"Send the deck earlier. Also, my firm would consider underwriting a school.",Loved it. The curriculum was excellent and easy to follow.,Yes
JA-24170,2026-03-15T11:57,JA Finance Park,Leo JR/SR HS,Devon Nunez,devon.nunez@bluffton.com,Bluffton Steel Works,Event Volunteer,4,3,3,,Staff support was excellent.,The materials arrived late and I had to improvise the first hour.,What a great day. The students asked wonderful questions.,No
JA-24171,2026-06-24T17:24,JA Career Speaker Series,Shawnee MS,Ibrahim Chandra,ibrahim.chandra@maplewood.com,Maplewood Health Partners,Site Lead,4,3,3,,Loved the hands-on parts.,Nothing to add,"If you're ever short someone last minute, I might be able to fill in.",Yes
JA-24172,2026-03-26T15:38,JA Inspire,Jefferson MS,Pierre Reyes,pierre.reyes@bluffton.com,Bluffton Steel Works,Site Lead,3,4,5,Maybe,Good structure.,None,What a great day. The students asked wonderful questions.,Yes
JA-24173,2026-05-19T09:40,JA BizTown,Carroll MS,Yolanda Quintero,yolanda.quintero@summit.com,Summit Financial Group,Classroom Volunteer,3,5,4,No,The materials were clear.,Nothing - it was well organized.,Wonderful. Thank you for the opportunity.,No
JA-24174,2026-06-02T20:24,JA BizTown,Leo JR/SR HS,Talia Sandoval,talia.sandoval@bluffton.com,Bluffton Steel Works,Event Volunteer,5,5,2,,,Good,N/A,Yes
JA-24175,2026-06-06T15:59,JA BizTown,Shawnee MS,Reggie Lindqvist,reggie.lindqvist@wabash.com,Wabash Valley Energy,Event Volunteer,5,3,2,Maybe,,More time with the students.,I had a lot of fun and I think the students got a lot out of it.,Yes
JA-24176,2026-02-21T15:33,JA Career Speaker Series,Snider HS,Hana Lindqvist,hana.lindqvist@allen.com,Allen Mutual Insurance,Event Volunteer,4,5,4,Yes,The students were engaged.,,Please add me to your speaker list - I can do a career day at any school.,Yes
JA-24177,2026-04-04T20:14,JA Inspire,Woodside MS,Simone Ellsworth,simone.ellsworth@bluffton.com,Bluffton Steel Works,Classroom Volunteer,3,5,5,No,Loved the hands-on parts.,Nothing - it was well organized.,What a great day. The students asked wonderful questions.,Yes
JA-24178,2025-10-08T17:28,JA Inspire,Jefferson MS,Devon Ulrich,devon.ulrich@kestrel.com,Kestrel Engineering,Board/Committee Prospect,2,2,3,No,Good structure.,n/a,Classroom management was a struggle and I did not feel supported.,
JA-24179,2025-12-14T16:13,JA Career Speaker Series,Blackhawk MS,Miles Thibodeaux,miles.thibodeaux@ridgeline.com,Ridgeline Manufacturing,Event Volunteer,4,5,3,Yes,Good structure.,Better printed materials. I'll still be back either way.,Really well run. Thank you for everything you do.,Yes
JA-24180,2026-05-27T08:59,JA Inspire,Homestead HS,Wes Xu,wes.xu@wabash.com,Wabash Valley Energy,Classroom Volunteer,4,3,5,Yes,The students were engaged.,The materials arrived late and I had to improvise the first hour.,What a great day. The students asked wonderful questions.,Yes
JA-24181,2025-10-16T21:49,JA Career Speaker Series,Blackhawk MS,Hana Petrosyan,hana.petrosyan@three.com,Three Rivers Credit Union,Classroom Volunteer,4,3,2,Maybe,Staff support was excellent.,Fine.,,Yes
JA-24182,2026-06-24T20:28,JA Company Program,Memorial Park MS,Colin Hollis,colin.hollis@harrison.com,Harrison & Locke LLP,Board/Committee Prospect,4,4,5,Maybe,Staff support was excellent.,Good program.,What a great day. The students asked wonderful questions.,
JA-24183,2026-04-27T21:37,JA in a Day,Carroll MS,Nate Kowalski,nate.kowalski@northgate.com,Northgate Logistics,Classroom Volunteer,5,5,5,Yes,The students were engaged.,"Send the deck earlier. Also, my firm would consider underwriting a school.",The staff were amazing and the students were a joy to work with.,Yes
JA-24184,2025-10-15T08:08,JA Career Speaker Series,Shawnee MS,Tomas Lindqvist,tomas.lindqvist@summit.com,Summit Financial Group,Event Volunteer,3,4,3,,The materials were clear.,The materials arrived late and I had to improvise the first hour.,Very impressed with the organization and the materials.,
JA-24185,2025-11-08T07:29,JA BizTown,Memorial Park MS,Tomas Hollis,tomas.hollis@northgate.com,Northgate Logistics,Site Lead,5,4,3,Maybe,The materials were clear.,The materials arrived late and I had to improvise the first hour.,I had a lot of fun and I think the students got a lot out of it.,
JA-24186,2025-11-04T17:31,JA in a Day,Woodside MS,Simone Finnegan,simone.finnegan@maplewood.com,Maplewood Health Partners,Classroom Volunteer,4,4,5,Maybe,Loved the hands-on parts.,Classroom management was a struggle and I did not feel supported.,Loved it. The curriculum was excellent and easy to follow.,Yes
JA-24187,2025-12-28T07:40,JA Finance Park,Lakeside MS,Renee Finnegan,renee.finnegan@harrison.com,Harrison & Locke LLP,Site Lead,5,5,4,Maybe,Loved the hands-on parts.,Classroom management was a struggle and I did not feel supported.,Is there a way to get involved beyond the classroom? I have the time and I'd like to help.,
JA-24188,2026-03-06T16:50,JA Company Program,Wayne HS,Renee Gutierrez,renee.gutierrez@three.com,Three Rivers Credit Union,Site Lead,4,4,5,Maybe,Loved the hands-on parts.,None,Fantastic program. The kids were so engaged the entire time.,Yes
JA-24189,2026-02-28T20:26,JA Company Program,Shawnee MS,Sasha Marsh,sasha.marsh@bluffton.com,Bluffton Steel Works,Career Speaker,5,5,5,Yes,,Better printed materials. I'll still be back either way.,-,
JA-24190,2026-06-11T10:07,JA Career Speaker Series,Snider HS,Dana Ikeda,dana.ikeda@maplewood.com,Maplewood Health Partners,Board/Committee Prospect,4,5,3,Yes,Loved the hands-on parts.,,I chair our United Way campaign and would like to discuss a larger partnership.,No
JA-24191,2025-12-04T19:40,JA Finance Park,Shawnee MS,Owen Sandoval,owen.sandoval@ridgeline.com,Ridgeline Manufacturing,Classroom Volunteer,3,4,5,Yes,The students were engaged.,Good program.,I'd consider it if the sessions were in the afternoon.,
JA-24192,2026-03-24T20:02,JA in a Day,Wayne HS,Andre Alvarez,andre.alvarez@harrison.com,Harrison & Locke LLP,Site Lead,5,3,4,Maybe,Good structure.,I never received the training link. Had to wing it.,"Great program, great kids, great day all around.",Yes
JA-24193,2025-10-30T09:22,JA Company Program,Shawnee MS,Bianca Ulrich,bianca.ulrich@northgate.com,Northgate Logistics,Career Speaker,1,1,2,Maybe,,,Parking was a nightmare and no one met me at the door.,No
JA-24194,2025-12-11T17:21,JA Career Speaker Series,Leo JR/SR HS,Erin Quintero,erin.quintero@cardinal.com,Cardinal Trust Bank,Event Volunteer,5,5,3,Maybe,,-,This was such a rewarding experience. The students were wonderful.,Yes
JA-24195,2025-11-16T17:18,JA Career Speaker Series,Northrop HS,Tomas Vasquez,tomas.vasquez@summit.com,Summit Financial Group,Board/Committee Prospect,4,3,3,,,No comment,What a great day. The students asked wonderful questions.,
JA-24196,2026-01-30T13:37,JA Inspire,Woodside MS,Lucia Fowler,lucia.fowler@maplewood.com,Maplewood Health Partners,Career Speaker,4,4,2,Yes,,Fine.,N/A,
JA-24197,2025-11-27T21:38,JA Career Speaker Series,Shawnee MS,Casey Alvarez,casey.alvarez@ridgeline.com,Ridgeline Manufacturing,Career Speaker,2,2,3,No,,No comment,Parking was a nightmare and no one met me at the door.,Yes
JA-24198,2026-01-11T11:33,JA Career Speaker Series,Lakeside MS,Marcus Sandoval,marcus.sandoval@wabash.com,Wabash Valley Energy,Site Lead,5,5,5,Yes,,Better printed materials. I'll still be back either way.,Fine.,
JA-24199,2025-12-24T11:53,JA Finance Park,Memorial Park MS,Greta Brennan,greta.brennan@three.com,Three Rivers Credit Union,Event Volunteer,3,3,2,,Good structure.,Classroom management was a struggle and I did not feel supported.,The staff were amazing and the students were a joy to work with.,Yes
JA-24200,2026-03-31T17:03,JA Career Speaker Series,Shawnee MS,Erin Castellano,erin.castellano@harrison.com,Harrison & Locke LLP,Career Speaker,4,5,5,,Good structure.,,Wonderful. Thank you for the opportunity.,Yes
JA-24201,2025-10-19T17:15,JA Company Program,Woodside MS,Jordan Devries,jordan.devries@three.com,Three Rivers Credit Union,Board/Committee Prospect,3,5,4,Yes,Good structure.,Nothing to add,Would think about it if there were a shorter commitment option.,Yes
JA-24202,2025-11-27T18:33,JA Company Program,Snider HS,Erin Devries,erin.devries@kestrel.com,Kestrel Engineering,Site Lead,5,5,5,Maybe,Good structure.,More time with the students.,Fantastic program. The kids were so engaged the entire time.,Yes
JA-24203,2026-05-27T12:28,JA in a Day,Woodside MS,Nate Ellsworth,nate.ellsworth@three.com,Three Rivers Credit Union,Site Lead,5,5,4,Maybe,Loved the hands-on parts.,N/A,This was such a rewarding experience. The students were wonderful.,Yes
JA-24204,2025-10-12T19:56,JA Career Speaker Series,Shawnee MS,Miles Devries,miles.devries@summit.com,Summit Financial Group,Board/Committee Prospect,4,5,5,Yes,The students were engaged.,I was scheduled for a grade level I wasn't prepared for.,I want to sponsor a class next year. What does that cost?,
JA-24205,2026-02-10T11:58,JA BizTown,Lakeside MS,Jordan Zabel,jordan.zabel@foundry.com,Foundry Digital Agency,Event Volunteer,3,5,3,Yes,Loved the hands-on parts.,Good,Best volunteer experience I've had in years.,Yes
JA-24206,2026-04-11T10:57,JA Inspire,Carroll MS,Casey Escobar,casey.escobar@allen.com,Allen Mutual Insurance,Event Volunteer,3,4,3,,Loved the hands-on parts.,More time with the students.,,Yes
JA-24207,2026-01-10T11:43,JA BizTown,Blackhawk MS,Andre Nunez,andre.nunez@bluffton.com,Bluffton Steel Works,Board/Committee Prospect,5,3,5,Maybe,Good structure.,,Excellent experience from start to finish.,Yes
JA-24208,2026-04-21T19:37,JA in a Day,Northrop HS,Naomi Chandra,naomi.chandra@three.com,Three Rivers Credit Union,Event Volunteer,3,5,2,No,Staff support was excellent.,-,Very impressed with the organization and the materials.,Yes
JA-24209,2026-01-01T20:19,JA Career Speaker Series,Snider HS,Lucia Okafor,lucia.okafor@kestrel.com,Kestrel Engineering,Site Lead,4,5,4,Yes,The students were engaged.,,Is there a way to get involved beyond the classroom? I have the time and I'd like to help.,
JA-24210,2026-02-25T21:53,JA Finance Park,Shawnee MS,Reggie Zabel,reggie.zabel@allen.com,Allen Mutual Insurance,Career Speaker,4,3,4,Yes,,Nothing - it was well organized.,Really well run. Thank you for everything you do.,
JA-24211,2026-04-04T15:03,JA Company Program,Northrop HS,Grant Yeager,grant.yeager@ridgeline.com,Ridgeline Manufacturing,Classroom Volunteer,3,4,5,Yes,The materials were clear.,Classroom management was a struggle and I did not feel supported.,Wonderful. Thank you for the opportunity.,Yes
JA-24212,2025-12-23T15:48,JA Finance Park,Northrop HS,Owen Jarrett,owen.jarrett@northgate.com,Northgate Logistics,Site Lead,1,2,2,Maybe,The students were engaged.,-,I never received the training link. Had to wing it.,No
JA-24213,2026-04-03T09:00,JA in a Day,Shawnee MS,Mei Finnegan,mei.finnegan@maplewood.com,Maplewood Health Partners,Career Speaker,5,5,2,Maybe,Staff support was excellent.,,Very impressed with the organization and the materials.,Yes
JA-24214,2025-12-24T14:00,JA Inspire,Wayne HS,Andre Lindqvist,andre.lindqvist@bluffton.com,Bluffton Steel Works,Event Volunteer,4,4,3,,The students were engaged.,None,-,
JA-24215,2026-03-29T14:41,JA in a Day,Homestead HS,Marcus Whitfield,marcus.whitfield@three.com,Three Rivers Credit Union,Career Speaker,5,3,5,Maybe,The materials were clear.,Too much content for the time allotted. Felt rushed the whole time.,Would think about it if there were a shorter commitment option.,Yes
JA-24216,2025-11-25T08:48,JA BizTown,Northrop HS,Naomi Devries,naomi.devries@allen.com,Allen Mutual Insurance,Board/Committee Prospect,4,5,4,,Staff support was excellent.,Fine.,"Depends on work, but keep me on the email list.",Yes
JA-24217,2026-06-25T20:14,JA Finance Park,Blackhawk MS,Ibrahim Yeager,ibrahim.yeager@bluffton.com,Bluffton Steel Works,Event Volunteer,3,5,3,,Staff support was excellent.,None,Nothing to add,Yes
JA-24218,2026-04-02T20:03,JA Company Program,Lakeside MS,Erin Dupree,erin.dupree@summit.com,Summit Financial Group,Classroom Volunteer,5,3,2,,Staff support was excellent.,No comment,,Yes
JA-24219,2026-06-06T18:43,JA Career Speaker Series,Leo JR/SR HS,Devon Thibodeaux,devon.thibodeaux@cardinal.com,Cardinal Trust Bank,Board/Committee Prospect,3,3,3,,Loved the hands-on parts.,The materials arrived late and I had to improvise the first hour.,Reach out in a few months and I might have more capacity then.,Yes
JA-24220,2025-12-15T14:05,JA Company Program,Leo JR/SR HS,Mei Whitfield,mei.whitfield@maplewood.com,Maplewood Health Partners,Career Speaker,5,4,5,Maybe,The materials were clear.,The materials arrived late and I had to improvise the first hour.,Good,No
JA-24221,2025-09-14T07:02,JA BizTown,Snider HS,Mei Yeager,mei.yeager@northgate.com,Northgate Logistics,Event Volunteer,3,5,5,,The materials were clear.,Good,"Depends on work, but keep me on the email list.",
JA-24222,2026-04-07T15:53,JA BizTown,Wayne HS,Ibrahim Kowalski,ibrahim.kowalski@allen.com,Allen Mutual Insurance,Classroom Volunteer,4,5,4,Yes,Good structure.,None,Happy to be a site lead next time if you need one.,
JA-24223,2026-04-19T12:07,JA Company Program,Shawnee MS,Aisha Brennan,aisha.brennan@three.com,Three Rivers Credit Union,Site Lead,3,5,4,,The materials were clear.,No comment,Excellent experience from start to finish.,
JA-24224,2026-06-12T10:33,JA BizTown,Northrop HS,Naomi Whitfield,naomi.whitfield@ridgeline.com,Ridgeline Manufacturing,Career Speaker,5,4,2,Yes,Staff support was excellent.,Nothing to add,Very impressed with the organization and the materials.,Yes
JA-24225,2026-02-23T10:52,JA BizTown,Woodside MS,Aisha Jarrett,aisha.jarrett@maplewood.com,Maplewood Health Partners,Classroom Volunteer,4,5,3,Yes,Loved the hands-on parts.,"Send the deck earlier. Also, my firm would consider underwriting a school.",None,Yes
JA-24226,2025-10-10T13:23,JA Finance Park,Leo JR/SR HS,Priya Dupree,priya.dupree@wabash.com,Wabash Valley Energy,Classroom Volunteer,3,1,1,Maybe,Good structure.,,Parking was a nightmare and no one met me at the door.,Yes
JA-24227,2025-10-16T14:40,JA Career Speaker Series,Shawnee MS,Owen Petrosyan,owen.petrosyan@ridgeline.com,Ridgeline Manufacturing,Board/Committee Prospect,3,4,5,Yes,Staff support was excellent.,Parking was a nightmare and no one met me at the door.,What a great day. The students asked wonderful questions.,
JA-24228,2026-05-15T19:18,JA Finance Park,Woodside MS,Naomi Jarrett,naomi.jarrett@cardinal.com,Cardinal Trust Bank,Event Volunteer,4,4,2,,,I never received the training link. Had to wing it.,Nothing to add,Yes
JA-24229,2026-05-10T20:40,JA in a Day,Memorial Park MS,Alexis Ikeda,alexis.ikeda@foundry.com,Foundry Digital Agency,Career Speaker,4,3,2,Yes,Good structure.,I never received the training link. Had to wing it.,Fine.,Yes
JA-24230,2026-02-25T14:22,JA Finance Park,Shawnee MS,Tomas Zabel,tomas.zabel@harrison.com,Harrison & Locke LLP,Event Volunteer,3,1,3,No,,Too much content for the time allotted. Felt rushed the whole time.,Classroom management was a struggle and I did not feel supported.,No
JA-24231,2025-11-30T17:38,JA BizTown,Leo JR/SR HS,Brett Zabel,brett.zabel@kestrel.com,Kestrel Engineering,Career Speaker,5,4,5,,The materials were clear.,,I had a lot of fun and I think the students got a lot out of it.,
JA-24232,2025-10-18T10:53,JA in a Day,Snider HS,Nate Boone,nate.boone@bluffton.com,Bluffton Steel Works,Event Volunteer,3,3,4,,Good structure.,Nothing to add,Good program.,
JA-24233,2025-12-23T14:08,JA Career Speaker Series,Northrop HS,Priya Vasquez,priya.vasquez@summit.com,Summit Financial Group,Classroom Volunteer,5,5,5,Yes,The materials were clear.,Good,Please add me to your speaker list - I can do a career day at any school.,Yes
JA-24234,2025-11-19T21:01,JA in a Day,Lakeside MS,Ibrahim Ulrich,ibrahim.ulrich@allen.com,Allen Mutual Insurance,Site Lead,4,4,5,Maybe,Loved the hands-on parts.,I never received the training link. Had to wing it.,Loved it. The curriculum was excellent and easy to follow.,Yes
JA-24235,2026-06-16T09:15,JA Finance Park,Carroll MS,Priya Sandoval,priya.sandoval@ridgeline.com,Ridgeline Manufacturing,Board/Committee Prospect,4,4,4,Maybe,The students were engaged.,Good,"If you're ever short someone last minute, I might be able to fill in.",
JA-24236,2026-03-14T17:30,JA Career Speaker Series,Memorial Park MS,Brett Devries,brett.devries@cardinal.com,Cardinal Trust Bank,Career Speaker,4,4,4,Maybe,,Nothing - it was well organized.,Nothing to add,
JA-24237,2026-03-28T13:11,JA Inspire,Memorial Park MS,Ibrahim Escobar,ibrahim.escobar@maplewood.com,Maplewood Health Partners,Event Volunteer,3,3,2,Yes,Loved the hands-on parts.,I never received the training link. Had to wing it.,None,No
JA-24238,2025-12-13T15:22,JA BizTown,Woodside MS,Tomas Whitfield,tomas.whitfield@kestrel.com,Kestrel Engineering,Site Lead,4,5,3,,Staff support was excellent.,No comment,None,
JA-24239,2025-12-12T13:03,JA Career Speaker Series,Snider HS,Marcus Yeager,marcus.yeager@allen.com,Allen Mutual Insurance,Event Volunteer,4,4,3,Yes,The materials were clear.,Good program.,Fantastic program. The kids were so engaged the entire time.,Yes
JA-24240,2026-02-20T14:42,JA in a Day,Jefferson MS,Marcus Devries,marcus.devries@foundry.com,Foundry Digital Agency,Site Lead,5,5,4,Yes,Good structure.,More time with the students.,I want to sponsor a class next year. What does that cost?,Yes
JA-24241,2026-06-04T13:33,JA Company Program,Carroll MS,Bianca Nunez,bianca.nunez@summit.com,Summit Financial Group,Career Speaker,4,5,3,Yes,The students were engaged.,Fine.,Please put me on the list for next year - same school if possible.,Yes
JA-24242,2025-10-10T19:51,JA Inspire,Lakeside MS,Greta Ellsworth,greta.ellsworth@allen.com,Allen Mutual Insurance,Career Speaker,4,4,3,,Loved the hands-on parts.,Classroom management was a struggle and I did not feel supported.,-,No
JA-24243,2025-10-21T08:09,JA Inspire,Wayne HS,Miles Boone,miles.boone@harrison.com,Harrison & Locke LLP,Site Lead,3,4,4,,The materials were clear.,Good program.,Good,Yes
JA-24244,2026-05-31T12:14,JA Inspire,Jefferson MS,Colin Kowalski,colin.kowalski@maplewood.com,Maplewood Health Partners,Event Volunteer,4,5,4,,Staff support was excellent.,I never received the training link. Had to wing it.,Fantastic program. The kids were so engaged the entire time.,Yes
JA-24245,2026-04-27T10:40,JA in a Day,Lakeside MS,Casey Brennan,casey.brennan@maplewood.com,Maplewood Health Partners,Event Volunteer,4,3,4,,The students were engaged.,,Would think about it if there were a shorter commitment option.,
JA-24246,2025-11-26T12:07,JA Inspire,Northrop HS,Mei Petrosyan,mei.petrosyan@harrison.com,Harrison & Locke LLP,Board/Committee Prospect,3,4,2,,Staff support was excellent.,Good,,
JA-24247,2026-05-24T11:33,JA Inspire,Wayne HS,Brett Kowalski,brett.kowalski@wabash.com,Wabash Valley Energy,Classroom Volunteer,3,4,5,Yes,Staff support was excellent.,Too much content for the time allotted. Felt rushed the whole time.,Excellent experience from start to finish.,Yes
JA-24248,2025-10-08T10:49,JA Company Program,Carroll MS,Casey Finnegan,casey.finnegan@harrison.com,Harrison & Locke LLP,Event Volunteer,4,4,3,Maybe,Staff support was excellent.,Good program.,None,
JA-24249,2025-10-30T11:04,JA Company Program,Woodside MS,Simone Ikeda,simone.ikeda@foundry.com,Foundry Digital Agency,Site Lead,4,3,3,,The students were engaged.,,-,Yes
JA-24250,2026-02-06T09:33,JA Company Program,Snider HS,Pierre Castellano,pierre.castellano@kestrel.com,Kestrel Engineering,Event Volunteer,5,4,4,Maybe,Staff support was excellent.,n/a,Let me know when registration opens and I'll see where things stand.,No
JA-24251,2026-02-18T09:57,JA Finance Park,Memorial Park MS,Devon Finnegan,devon.finnegan@summit.com,Summit Financial Group,Career Speaker,1,3,3,Maybe,The students were engaged.,Good program.,Too much content for the time allotted. Felt rushed the whole time.,Yes
JA-24252,2026-02-24T14:54,JA in a Day,Carroll MS,Mei Hollis,mei.hollis@northgate.com,Northgate Logistics,Classroom Volunteer,5,5,3,Yes,Staff support was excellent.,,Please add me to your speaker list - I can do a career day at any school.,Yes
JA-24253,2026-01-02T09:54,JA Company Program,Snider HS,Nate Ulrich,nate.ulrich@three.com,Three Rivers Credit Union,Event Volunteer,5,3,4,Maybe,Loved the hands-on parts.,,Maybe in the spring - fall is hard for me.,
JA-24254,2025-10-06T12:34,JA Inspire,Jefferson MS,Sasha Ulrich,sasha.ulrich@three.com,Three Rivers Credit Union,Career Speaker,4,4,2,Yes,,N/A,Really well run. Thank you for everything you do.,Yes
JA-24255,2026-06-14T18:49,JA BizTown,Lakeside MS,Mei Chandra,mei.chandra@three.com,Three Rivers Credit Union,Site Lead,5,4,2,Yes,Good structure.,,What a great day. The students asked wonderful questions.,Yes
JA-24256,2025-10-26T08:17,JA in a Day,Jefferson MS,Dana Fowler,dana.fowler@cardinal.com,Cardinal Trust Bank,Career Speaker,5,3,4,Maybe,Staff support was excellent.,Too much content for the time allotted. Felt rushed the whole time.,Nothing to add,Yes
JA-24257,2026-04-09T10:17,JA BizTown,Memorial Park MS,Colin Chandra,colin.chandra@wabash.com,Wabash Valley Energy,Site Lead,2,2,2,No,Staff support was excellent.,N/A,I was scheduled for a grade level I wasn't prepared for.,Yes
JA-24258,2025-10-25T19:52,JA in a Day,Jefferson MS,Casey Jarrett,casey.jarrett@kestrel.com,Kestrel Engineering,Event Volunteer,4,5,3,,The students were engaged.,No comment,I chair our United Way campaign and would like to discuss a larger partnership.,Yes
JA-24259,2026-06-24T20:59,JA Inspire,Snider HS,Greta Hollis,greta.hollis@kestrel.com,Kestrel Engineering,Board/Committee Prospect,5,3,3,,Loved the hands-on parts.,,The staff were amazing and the students were a joy to work with.,Yes
JA-24260,2026-05-12T18:56,JA Company Program,Blackhawk MS,Tomas Jarrett,tomas.jarrett@ridgeline.com,Ridgeline Manufacturing,Career Speaker,4,5,3,Yes,Good structure.,I never received the training link. Had to wing it.,I want to sponsor a class next year. What does that cost?,Yes
JA-24261,2026-03-19T20:39,JA Finance Park,Jefferson MS,Greta Vasquez,greta.vasquez@northgate.com,Northgate Logistics,Site Lead,1,2,1,No,The materials were clear.,N/A,The materials arrived late and I had to improvise the first hour.,Yes
JA-24262,2026-04-25T11:18,JA Career Speaker Series,Leo JR/SR HS,Devon Brennan,devon.brennan@summit.com,Summit Financial Group,Site Lead,4,5,3,,Staff support was excellent.,n/a,Would think about it if there were a shorter commitment option.,
JA-24263,2026-01-25T19:53,JA Career Speaker Series,Memorial Park MS,Grant Jarrett,grant.jarrett@summit.com,Summit Financial Group,Career Speaker,4,5,4,Maybe,Loved the hands-on parts.,,Wonderful. Thank you for the opportunity.,Yes
JA-24264,2026-03-11T16:17,JA Company Program,Jefferson MS,Aisha Kowalski,aisha.kowalski@bluffton.com,Bluffton Steel Works,Classroom Volunteer,5,4,4,Maybe,Loved the hands-on parts.,Fine.,"Possibly next year, depending on my travel schedule.",Yes
JA-24265,2025-11-21T16:15,JA Company Program,Memorial Park MS,Owen Boone,owen.boone@maplewood.com,Maplewood Health Partners,Board/Committee Prospect,3,4,3,,Staff support was excellent.,,Good program.,Yes
JA-24266,2026-05-30T15:30,JA in a Day,Snider HS,Tomas Ikeda,tomas.ikeda@kestrel.com,Kestrel Engineering,Event Volunteer,4,4,3,Maybe,Staff support was excellent.,Classroom management was a struggle and I did not feel supported.,Very impressed with the organization and the materials.,Yes
JA-24267,2025-12-25T13:58,JA BizTown,Blackhawk MS,Miles Lindqvist,miles.lindqvist@summit.com,Summit Financial Group,Board/Committee Prospect,3,5,3,Maybe,Loved the hands-on parts.,Nothing to add,"Possibly next year, depending on my travel schedule.",Yes
JA-24268,2026-06-27T07:55,JA Career Speaker Series,Shawnee MS,Mei Fowler,mei.fowler@cardinal.com,Cardinal Trust Bank,Classroom Volunteer,5,3,5,,Staff support was excellent.,No comment,Maybe in the spring - fall is hard for me.,No
JA-24269,2025-10-14T21:24,JA BizTown,Leo JR/SR HS,Marcus Reyes,marcus.reyes@cardinal.com,Cardinal Trust Bank,Board/Committee Prospect,3,5,3,Yes,Loved the hands-on parts.,I never received the training link. Had to wing it.,Really well run. Thank you for everything you do.,Yes
JA-24270,2025-11-17T13:15,JA Company Program,Northrop HS,Marcus Ulrich,marcus.ulrich@maplewood.com,Maplewood Health Partners,Board/Committee Prospect,4,4,2,Yes,The students were engaged.,Nothing to add,,
JA-24271,2026-06-01T20:05,JA BizTown,Homestead HS,Priya Nunez,priya.nunez@harrison.com,Harrison & Locke LLP,Board/Committee Prospect,5,3,4,Maybe,Staff support was excellent.,I was scheduled for a grade level I wasn't prepared for.,"Great program, great kids, great day all around.",Yes
JA-24272,2026-03-27T16:22,JA Company Program,Wayne HS,Priya Chandra,priya.chandra@three.com,Three Rivers Credit Union,Career Speaker,4,3,5,,The materials were clear.,-,Best volunteer experience I've had in years.,Yes
JA-24273,2026-04-28T21:31,JA in a Day,Blackhawk MS,Hana Hollis,hana.hollis@harrison.com,Harrison & Locke LLP,Site Lead,2,1,2,Maybe,Loved the hands-on parts.,Parking was a nightmare and no one met me at the door.,Parking was a nightmare and no one met me at the door.,Yes
JA-24274,2026-06-17T13:36,JA Company Program,Leo JR/SR HS,Simone Devries,simone.devries@bluffton.com,Bluffton Steel Works,Board/Committee Prospect,5,5,4,,The students were engaged.,None,"Count me in for next year, and I have two colleagues who want to join.",Yes
JA-24275,2026-05-23T17:09,JA Inspire,Homestead HS,Andre Marsh,andre.marsh@bluffton.com,Bluffton Steel Works,Classroom Volunteer,3,2,3,,Staff support was excellent.,No comment,I was scheduled for a grade level I wasn't prepared for.,No
JA-24276,2025-10-03T10:37,JA Inspire,Jefferson MS,Marcus Nunez,marcus.nunez@harrison.com,Harrison & Locke LLP,Event Volunteer,5,4,3,Yes,,Nothing - it was well organized.,Reach out in a few months and I might have more capacity then.,
JA-24277,2026-01-21T08:14,JA Career Speaker Series,Memorial Park MS,Priya Alvarez,priya.alvarez@wabash.com,Wabash Valley Energy,Event Volunteer,2,3,1,No,The materials were clear.,The materials arrived late and I had to improvise the first hour.,Parking was a nightmare and no one met me at the door.,Yes
JA-24278,2025-10-06T14:10,JA Inspire,Memorial Park MS,Nate Gutierrez,nate.gutierrez@three.com,Three Rivers Credit Union,Board/Committee Prospect,4,3,3,Yes,The materials were clear.,None,I had a lot of fun and I think the students got a lot out of it.,No
JA-24279,2025-09-01T17:04,JA BizTown,Blackhawk MS,Nate Chandra,nate.chandra@wabash.com,Wabash Valley Energy,Career Speaker,4,5,4,Yes,Good structure.,I was scheduled for a grade level I wasn't prepared for.,n/a,Yes
JA-24280,2026-05-28T12:19,JA Finance Park,Woodside MS,Colin Finnegan,colin.finnegan@ridgeline.com,Ridgeline Manufacturing,Board/Committee Prospect,5,3,3,Yes,Good structure.,,"Great program, great kids, great day all around.",Yes
JA-24281,2026-04-28T20:44,JA in a Day,Leo JR/SR HS,Devon Fowler,devon.fowler@summit.com,Summit Financial Group,Event Volunteer,5,3,5,,Loved the hands-on parts.,Nothing - it was well organized.,n/a,Yes
JA-24282,2025-09-24T21:35,JA in a Day,Blackhawk MS,Bianca Brennan,bianca.brennan@foundry.com,Foundry Digital Agency,Board/Committee Prospect,4,3,3,No,The materials were clear.,Classroom management was a struggle and I did not feel supported.,,No
JA-24283,2026-04-27T15:01,JA BizTown,Jefferson MS,Hana Ulrich,hana.ulrich@summit.com,Summit Financial Group,Event Volunteer,3,3,5,Maybe,The materials were clear.,,I had a lot of fun and I think the students got a lot out of it.,Yes
JA-24284,2026-04-06T20:01,JA Inspire,Shawnee MS,Alexis Fowler,alexis.fowler@cardinal.com,Cardinal Trust Bank,Event Volunteer,5,4,4,Yes,The students were engaged.,Nothing - it was well organized.,Maybe in the spring - fall is hard for me.,
JA-24285,2025-10-09T12:26,JA Company Program,Lakeside MS,Sasha Yeager,sasha.yeager@summit.com,Summit Financial Group,Site Lead,4,4,4,Maybe,The students were engaged.,I was scheduled for a grade level I wasn't prepared for.,I'd consider it if the sessions were in the afternoon.,Yes
JA-24286,2026-06-01T13:07,JA Inspire,Woodside MS,Talia Kowalski,talia.kowalski@ridgeline.com,Ridgeline Manufacturing,Classroom Volunteer,5,3,2,Maybe,Loved the hands-on parts.,Nothing - it was well organized.,The staff were amazing and the students were a joy to work with.,No
JA-24287,2025-11-20T21:30,JA in a Day,Blackhawk MS,Naomi Kowalski,naomi.kowalski@bluffton.com,Bluffton Steel Works,Site Lead,3,5,5,,Good structure.,Classroom management was a struggle and I did not feel supported.,No comment,
JA-24288,2025-10-12T19:15,JA Career Speaker Series,Northrop HS,Sasha Ikeda,sasha.ikeda@ridgeline.com,Ridgeline Manufacturing,Career Speaker,3,5,5,Yes,The materials were clear.,None,No comment,Yes
JA-24289,2026-01-01T17:14,JA BizTown,Jefferson MS,Jordan Nunez,jordan.nunez@maplewood.com,Maplewood Health Partners,Classroom Volunteer,5,3,5,Maybe,Loved the hands-on parts.,None,n/a,
JA-24290,2026-01-04T12:04,JA BizTown,Wayne HS,Erin Ellsworth,erin.ellsworth@allen.com,Allen Mutual Insurance,Classroom Volunteer,4,4,2,,,Too much content for the time allotted. Felt rushed the whole time.,Really well run. Thank you for everything you do.,Yes
JA-24291,2026-02-14T19:44,JA Company Program,Lakeside MS,Dana Alvarez,dana.alvarez@summit.com,Summit Financial Group,Career Speaker,5,5,3,Maybe,Good structure.,I never received the training link. Had to wing it.,Very impressed with the organization and the materials.,Yes
JA-24292,2026-03-21T10:27,JA Career Speaker Series,Lakeside MS,Devon Yeager,devon.yeager@harrison.com,Harrison & Locke LLP,Classroom Volunteer,3,5,2,Yes,,I never received the training link. Had to wing it.,-,Yes
JA-24293,2026-05-23T07:55,JA Finance Park,Wayne HS,Simone Jarrett,simone.jarrett@summit.com,Summit Financial Group,Site Lead,4,5,5,Maybe,The students were engaged.,Classroom management was a struggle and I did not feel supported.,Would think about it if there were a shorter commitment option.,Yes
JA-24294,2025-09-04T12:48,JA Career Speaker Series,Wayne HS,Grant Reyes,grant.reyes@three.com,Three Rivers Credit Union,Board/Committee Prospect,5,3,5,Maybe,The materials were clear.,Fine.,Would think about it if there were a shorter commitment option.,No
JA-24295,2025-10-05T08:18,JA BizTown,Snider HS,Bianca Jarrett,bianca.jarrett@northgate.com,Northgate Logistics,Classroom Volunteer,5,5,5,Yes,Staff support was excellent.,It would help to pair new volunteers with experienced ones - I'd gladly mentor someone next year.,What a great day. The students asked wonderful questions.,Yes
JA-24296,2026-04-03T21:05,JA in a Day,Carroll MS,Priya Finnegan,priya.finnegan@kestrel.com,Kestrel Engineering,Site Lead,3,4,5,Yes,Staff support was excellent.,Fine.,Loved it. The curriculum was excellent and easy to follow.,No
JA-24297,2026-06-14T12:25,JA Finance Park,Northrop HS,Mei Boone,mei.boone@harrison.com,Harrison & Locke LLP,Event Volunteer,5,5,4,Yes,The students were engaged.,Nothing to add,This was such a rewarding experience. The students were wonderful.,
JA-24298,2025-12-29T13:51,JA Inspire,Lakeside MS,Wes Thibodeaux,wes.thibodeaux@summit.com,Summit Financial Group,Board/Committee Prospect,5,4,4,Maybe,,Nothing - it was well organized.,n/a,Yes
JA-24299,2026-03-22T07:13,JA BizTown,Homestead HS,Tomas Fowler,tomas.fowler@ridgeline.com,Ridgeline Manufacturing,Site Lead,5,4,3,Maybe,The students were engaged.,I was scheduled for a grade level I wasn't prepared for.,Nothing to add,Yes
JA-24300,2026-04-30T08:51,JA Career Speaker Series,Lakeside MS,Wes Ashby,wes.ashby@kestrel.com,Kestrel Engineering,Classroom Volunteer,4,3,5,Maybe,The students were engaged.,Too much content for the time allotted. Felt rushed the whole time.,Loved it. The curriculum was excellent and easy to follow.,Yes
JA-24301,2026-04-22T09:47,JA Company Program,Lakeside MS,Hana Devries,hana.devries@three.com,Three Rivers Credit Union,Classroom Volunteer,5,3,5,Yes,The students were engaged.,-,Good,
JA-24302,2025-10-18T18:08,JA BizTown,Carroll MS,Brett Ikeda,brett.ikeda@cardinal.com,Cardinal Trust Bank,Event Volunteer,5,5,4,Maybe,Staff support was excellent.,Nothing - it was well organized.,I'd consider it if the sessions were in the afternoon.,
JA-24303,2025-09-26T20:08,JA BizTown,Northrop HS,Talia Boone,talia.boone@harrison.com,Harrison & Locke LLP,Career Speaker,5,4,4,Yes,The students were engaged.,Parking was a nightmare and no one met me at the door.,No comment,Yes
JA-24304,2025-09-13T17:51,JA Company Program,Blackhawk MS,Casey Gutierrez,casey.gutierrez@wabash.com,Wabash Valley Energy,Board/Committee Prospect,1,2,3,No,Good structure.,N/A,The materials arrived late and I had to improvise the first hour.,Yes
JA-24305,2026-03-20T20:41,JA Company Program,Woodside MS,Bianca Whitfield,bianca.whitfield@wabash.com,Wabash Valley Energy,Event Volunteer,3,4,4,Yes,The materials were clear.,Good,Wonderful. Thank you for the opportunity.,Yes
JA-24306,2025-11-16T08:01,JA Inspire,Wayne HS,Brett Brennan,brett.brennan@northgate.com,Northgate Logistics,Classroom Volunteer,4,5,4,Yes,The students were engaged.,Classroom management was a struggle and I did not feel supported.,Please put me on the list for next year - same school if possible.,Yes
JA-24307,2026-06-19T12:53,JA Career Speaker Series,Homestead HS,Pierre Gutierrez,pierre.gutierrez@northgate.com,Northgate Logistics,Career Speaker,5,5,4,Yes,,It would help to pair new volunteers with experienced ones - I'd gladly mentor someone next year.,,Yes
JA-24308,2026-06-18T17:16,JA Company Program,Memorial Park MS,Casey Okafor,casey.okafor@cardinal.com,Cardinal Trust Bank,Event Volunteer,3,3,2,Maybe,Staff support was excellent.,,Very impressed with the organization and the materials.,Yes
JA-24309,2026-03-11T18:11,JA in a Day,Northrop HS,Alexis Reyes,alexis.reyes@cardinal.com,Cardinal Trust Bank,Site Lead,4,5,5,Maybe,Loved the hands-on parts.,-,"Great program, great kids, great day all around.",
JA-24310,2026-04-09T21:18,JA Inspire,Northrop HS,Talia Ashby,talia.ashby@allen.com,Allen Mutual Insurance,Board/Committee Prospect,5,3,4,Maybe,Good structure.,,"If you're ever short someone last minute, I might be able to fill in.",Yes
JA-24311,2025-12-12T14:09,JA Career Speaker Series,Jefferson MS,Casey Reyes,casey.reyes@summit.com,Summit Financial Group,Site Lead,4,5,5,,The materials were clear.,Parking was a nightmare and no one met me at the door.,"Possibly next year, depending on my travel schedule.",No
JA-24312,2026-01-11T18:40,JA Career Speaker Series,Snider HS,Casey Kowalski,casey.kowalski@three.com,Three Rivers Credit Union,Board/Committee Prospect,3,5,4,Maybe,Good structure.,n/a,,No
JA-24313,2025-10-01T15:21,JA Career Speaker Series,Homestead HS,Naomi Dupree,naomi.dupree@foundry.com,Foundry Digital Agency,Board/Committee Prospect,5,3,5,Maybe,Good structure.,Too much content for the time allotted. Felt rushed the whole time.,n/a,Yes
JA-24314,2025-11-13T08:11,JA Company Program,Leo JR/SR HS,Priya Xu,priya.xu@three.com,Three Rivers Credit Union,Career Speaker,4,3,4,,The students were engaged.,Too much content for the time allotted. Felt rushed the whole time.,Good,Yes
JA-24315,2025-11-20T09:15,JA Career Speaker Series,Leo JR/SR HS,Pierre Petrosyan,pierre.petrosyan@kestrel.com,Kestrel Engineering,Event Volunteer,5,3,5,Yes,The materials were clear.,None,Would think about it if there were a shorter commitment option.,No
JA-24316,2026-04-28T19:11,JA Career Speaker Series,Carroll MS,Priya Whitfield,priya.whitfield@cardinal.com,Cardinal Trust Bank,Site Lead,3,4,4,No,Good structure.,,No comment,Yes
JA-24317,2026-05-02T10:42,JA Career Speaker Series,Snider HS,Dana Jarrett,dana.jarrett@cardinal.com,Cardinal Trust Bank,Event Volunteer,4,3,2,,The students were engaged.,Fine.,The staff were amazing and the students were a joy to work with.,Yes
JA-24318,2026-05-15T13:43,JA Inspire,Snider HS,Aisha Hollis,aisha.hollis@foundry.com,Foundry Digital Agency,Board/Committee Prospect,5,5,5,Yes,The materials were clear.,"Send the deck earlier. Also, my firm would consider underwriting a school.",Nothing to add,
JA-24319,2026-06-25T07:32,JA Finance Park,Snider HS,Colin Ulrich,colin.ulrich@wabash.com,Wabash Valley Energy,Board/Committee Prospect,4,5,4,Yes,Staff support was excellent.,It would help to pair new volunteers with experienced ones - I'd gladly mentor someone next year.,,
JA-24320,2025-10-10T10:42,JA BizTown,Homestead HS,Wes Hollis,wes.hollis@cardinal.com,Cardinal Trust Bank,Career Speaker,4,5,3,Yes,Good structure.,Shorter sessions - I'd sign up for more of them if they were 45 minutes.,None,Yes
JA-24321,2025-10-01T21:40,JA Finance Park,Memorial Park MS,Devon Devries,devon.devries@harrison.com,Harrison & Locke LLP,Board/Committee Prospect,4,5,5,Yes,Staff support was excellent.,Classroom management was a struggle and I did not feel supported.,Really well run. Thank you for everything you do.,Yes
JA-24322,2026-02-23T19:55,JA in a Day,Memorial Park MS,Grant Dupree,grant.dupree@three.com,Three Rivers Credit Union,Classroom Volunteer,2,1,2,,Staff support was excellent.,More time with the students.,The materials arrived late and I had to improvise the first hour.,Yes
JA-24323,2026-05-29T20:37,JA Career Speaker Series,Leo JR/SR HS,Simone Okafor,simone.okafor@bluffton.com,Bluffton Steel Works,Event Volunteer,3,3,2,Yes,Loved the hands-on parts.,More time with the students.,"Great program, great kids, great day all around.",
JA-24324,2026-06-22T18:27,JA Finance Park,Snider HS,Marcus Boone,marcus.boone@three.com,Three Rivers Credit Union,Classroom Volunteer,4,4,5,Maybe,,Good,"Possibly next year, depending on my travel schedule.",
JA-24325,2025-10-09T10:29,JA Inspire,Snider HS,Andre Fowler,andre.fowler@northgate.com,Northgate Logistics,Classroom Volunteer,3,4,5,No,Staff support was excellent.,Parking was a nightmare and no one met me at the door.,Wonderful. Thank you for the opportunity.,Yes
JA-24326,2026-02-28T07:45,JA Career Speaker Series,Wayne HS,Hana Brennan,hana.brennan@three.com,Three Rivers Credit Union,Board/Committee Prospect,5,5,3,Yes,The materials were clear.,"Send the deck earlier. Also, my firm would consider underwriting a school.",Good program.,Yes
JA-24327,2025-09-23T20:55,JA Company Program,Lakeside MS,Miles Marsh,miles.marsh@kestrel.com,Kestrel Engineering,Classroom Volunteer,4,4,5,Yes,Staff support was excellent.,Nothing - it was well organized.,Wonderful. Thank you for the opportunity.,
JA-24328,2026-04-26T14:11,JA Finance Park,Northrop HS,Casey Devries,casey.devries@ridgeline.com,Ridgeline Manufacturing,Classroom Volunteer,5,5,4,Yes,,I was scheduled for a grade level I wasn't prepared for.,I want to sponsor a class next year. What does that cost?,Yes
JA-24329,2026-01-11T08:53,JA Career Speaker Series,Carroll MS,Greta Castellano,greta.castellano@allen.com,Allen Mutual Insurance,Board/Committee Prospect,5,4,5,Yes,,Too much content for the time allotted. Felt rushed the whole time.,Good,No
JA-24330,2026-05-11T08:11,JA BizTown,Blackhawk MS,Brett Petrosyan,brett.petrosyan@cardinal.com,Cardinal Trust Bank,Career Speaker,5,4,4,,Staff support was excellent.,Parking was a nightmare and no one met me at the door.,Good,Yes
JA-24331,2026-06-09T11:21,JA Inspire,Carroll MS,Lucia Finnegan,lucia.finnegan@bluffton.com,Bluffton Steel Works,Event Volunteer,4,3,3,Maybe,,,Very impressed with the organization and the materials.,
JA-24332,2026-03-23T08:11,JA BizTown,Woodside MS,Casey Zabel,casey.zabel@allen.com,Allen Mutual Insurance,Board/Committee Prospect,3,3,4,Yes,Loved the hands-on parts.,None,Best volunteer experience I've had in years.,Yes
JA-24333,2025-12-15T20:42,JA Finance Park,Snider HS,Simone Escobar,simone.escobar@allen.com,Allen Mutual Insurance,Site Lead,3,5,4,Yes,The materials were clear.,N/A,The staff were amazing and the students were a joy to work with.,Yes
JA-24334,2025-09-26T15:19,JA in a Day,Blackhawk MS,Miles Ellsworth,miles.ellsworth@cardinal.com,Cardinal Trust Bank,Classroom Volunteer,3,2,2,Maybe,Good structure.,-,Classroom management was a struggle and I did not feel supported.,
JA-24335,2026-02-21T13:39,JA Inspire,Homestead HS,Ibrahim Devries,ibrahim.devries@maplewood.com,Maplewood Health Partners,Site Lead,4,3,3,Maybe,The materials were clear.,Too much content for the time allotted. Felt rushed the whole time.,Would think about it if there were a shorter commitment option.,No
JA-24336,2026-04-08T19:04,JA BizTown,Snider HS,Grant Okafor,grant.okafor@ridgeline.com,Ridgeline Manufacturing,Board/Committee Prospect,4,5,4,Maybe,,,"If you're ever short someone last minute, I might be able to fill in.",
JA-24337,2025-11-28T13:26,JA Career Speaker Series,Blackhawk MS,Hana Ikeda,hana.ikeda@bluffton.com,Bluffton Steel Works,Event Volunteer,5,5,4,Yes,The materials were clear.,It would help to pair new volunteers with experienced ones - I'd gladly mentor someone next year.,The staff were amazing and the students were a joy to work with.,No
JA-24338,2026-04-01T11:00,JA in a Day,Northrop HS,Sasha Lindqvist,sasha.lindqvist@kestrel.com,Kestrel Engineering,Site Lead,4,3,3,Yes,The students were engaged.,,The staff were amazing and the students were a joy to work with.,
JA-24339,2025-12-06T20:27,JA BizTown,Leo JR/SR HS,Reggie Chandra,reggie.chandra@ridgeline.com,Ridgeline Manufacturing,Board/Committee Prospect,3,4,3,Maybe,,I never received the training link. Had to wing it.,,Yes
JA-24340,2026-02-01T18:03,JA Inspire,Jefferson MS,Devon Boone,devon.boone@three.com,Three Rivers Credit Union,Career Speaker,4,3,2,Yes,Staff support was excellent.,I never received the training link. Had to wing it.,Fantastic program. The kids were so engaged the entire time.,Yes
JA-24341,2026-02-19T08:19,JA Career Speaker Series,Northrop HS,Priya Yeager,priya.yeager@foundry.com,Foundry Digital Agency,Site Lead,5,5,4,Maybe,The students were engaged.,I never received the training link. Had to wing it.,I'd consider it if the sessions were in the afternoon.,Yes
JA-24342,2026-03-14T12:54,JA Inspire,Jefferson MS,Priya Jarrett,priya.jarrett@cardinal.com,Cardinal Trust Bank,Career Speaker,3,3,3,Maybe,The materials were clear.,,None,No
JA-24343,2026-05-29T16:33,JA Career Speaker Series,Leo JR/SR HS,Jordan Yeager,jordan.yeager@harrison.com,Harrison & Locke LLP,Site Lead,5,5,5,,Good structure.,,I'd be interested in learning more about serving on a committee. Who should I talk to?,
JA-24344,2025-10-11T21:43,JA Career Speaker Series,Woodside MS,Talia Okafor,talia.okafor@maplewood.com,Maplewood Health Partners,Event Volunteer,3,3,3,,Loved the hands-on parts.,N/A,Reach out in a few months and I might have more capacity then.,Yes
JA-24345,2026-01-31T08:08,JA BizTown,Homestead HS,Priya Gutierrez,priya.gutierrez@wabash.com,Wabash Valley Energy,Board/Committee Prospect,3,3,2,Yes,The students were engaged.,Nothing to add,Wonderful. Thank you for the opportunity.,
JA-24346,2025-10-17T19:20,JA Career Speaker Series,Wayne HS,Miles Chandra,miles.chandra@foundry.com,Foundry Digital Agency,Event Volunteer,4,3,3,Maybe,The students were engaged.,The materials arrived late and I had to improvise the first hour.,n/a,
JA-24347,2026-03-29T13:34,JA Finance Park,Northrop HS,Priya Quintero,priya.quintero@cardinal.com,Cardinal Trust Bank,Career Speaker,4,4,3,Yes,The materials were clear.,The materials arrived late and I had to improvise the first hour.,Would think about it if there were a shorter commitment option.,Yes
JA-24348,2026-01-13T09:52,JA in a Day,Woodside MS,Simone Quintero,simone.quintero@allen.com,Allen Mutual Insurance,Site Lead,3,3,3,,The materials were clear.,Fine.,Wonderful. Thank you for the opportunity.,Yes
JA-24349,2025-12-08T07:22,JA Company Program,Leo JR/SR HS,Tomas Boone,tomas.boone@wabash.com,Wabash Valley Energy,Career Speaker,5,5,5,Maybe,,Fine.,Please add me to your speaker list - I can do a career day at any school.,Yes
JA-24350,2026-01-07T19:02,JA Finance Park,Memorial Park MS,Yolanda Gutierrez,yolanda.gutierrez@northgate.com,Northgate Logistics,Event Volunteer,4,3,3,Yes,The students were engaged.,I never received the training link. Had to wing it.,Very impressed with the organization and the materials.,Yes
JA-24351,2025-11-25T15:51,JA Career Speaker Series,Woodside MS,Lucia Yeager,lucia.yeager@northgate.com,Northgate Logistics,Event Volunteer,5,3,5,No,The students were engaged.,Nothing to add,Fine.,Yes
JA-24352,2025-11-22T14:02,JA Company Program,Homestead HS,Reggie Yeager,reggie.yeager@kestrel.com,Kestrel Engineering,Board/Committee Prospect,3,3,1,No,The students were engaged.,Fine.,Classroom management was a struggle and I did not feel supported.,Yes
JA-24353,2025-12-10T21:15,JA Company Program,Leo JR/SR HS,Colin Petrosyan,colin.petrosyan@allen.com,Allen Mutual Insurance,Classroom Volunteer,3,4,3,Yes,,More time with the students.,Loved it. The curriculum was excellent and easy to follow.,Yes
JA-24354,2026-03-26T11:37,JA in a Day,Northrop HS,Tomas Chandra,tomas.chandra@allen.com,Allen Mutual Insurance,Board/Committee Prospect,5,5,5,Maybe,Staff support was excellent.,More time with the students.,Best volunteer experience I've had in years.,Yes
JA-24355,2025-11-07T07:13,JA Company Program,Carroll MS,Aisha Chandra,aisha.chandra@summit.com,Summit Financial Group,Board/Committee Prospect,1,3,1,,The materials were clear.,Too much content for the time allotted. Felt rushed the whole time.,Too much content for the time allotted. Felt rushed the whole time.,Yes
JA-24356,2026-05-13T10:02,JA BizTown,Homestead HS,Reggie Ellsworth,reggie.ellsworth@three.com,Three Rivers Credit Union,Site Lead,5,5,5,,Loved the hands-on parts.,None,-,
JA-24357,2026-01-14T08:51,JA BizTown,Snider HS,Erin Fowler,erin.fowler@foundry.com,Foundry Digital Agency,Board/Committee Prospect,4,5,2,,Good structure.,I never received the training link. Had to wing it.,Fine.,
JA-24358,2026-05-03T11:23,JA Company Program,Leo JR/SR HS,Pierre Nunez,pierre.nunez@harrison.com,Harrison & Locke LLP,Event Volunteer,5,5,4,Yes,The materials were clear.,Classroom management was a struggle and I did not feel supported.,Please add me to your speaker list - I can do a career day at any school.,
JA-24359,2026-02-22T11:23,JA BizTown,Homestead HS,Marcus Kowalski,marcus.kowalski@cardinal.com,Cardinal Trust Bank,Board/Committee Prospect,3,4,3,,The students were engaged.,The materials arrived late and I had to improvise the first hour.,"Depends on work, but keep me on the email list.",
JA-24360,2025-11-21T17:42,JA Inspire,Homestead HS,Nate Marsh,nate.marsh@harrison.com,Harrison & Locke LLP,Site Lead,3,3,4,Maybe,The students were engaged.,Good program.,"Possibly next year, depending on my travel schedule.",No
JA-24361,2025-11-28T14:49,JA Inspire,Jefferson MS,Colin Reyes,colin.reyes@kestrel.com,Kestrel Engineering,Board/Committee Prospect,5,4,5,,The materials were clear.,Too much content for the time allotted. Felt rushed the whole time.,"If you're ever short someone last minute, I might be able to fill in.",Yes
JA-24362,2026-03-16T11:00,JA in a Day,Homestead HS,Devon Gutierrez,devon.gutierrez@wabash.com,Wabash Valley Energy,Classroom Volunteer,4,5,3,Yes,The students were engaged.,Good program.,I chair our United Way campaign and would like to discuss a larger partnership.,Yes
JA-24363,2026-03-27T10:57,JA Inspire,Wayne HS,Simone Ashby,simone.ashby@northgate.com,Northgate Logistics,Event Volunteer,4,5,3,,Loved the hands-on parts.,I never received the training link. Had to wing it.,Put me down for all three sessions next year. This is the best thing we do.,
JA-24364,2026-02-01T08:53,JA Inspire,Northrop HS,Wes Fowler,wes.fowler@maplewood.com,Maplewood Health Partners,Event Volunteer,5,3,2,,Good structure.,Nothing - it was well organized.,I had a lot of fun and I think the students got a lot out of it.,No
JA-24365,2026-04-29T16:08,JA in a Day,Blackhawk MS,Ibrahim Finnegan,ibrahim.finnegan@maplewood.com,Maplewood Health Partners,Board/Committee Prospect,4,3,3,,Staff support was excellent.,I was scheduled for a grade level I wasn't prepared for.,What a great day. The students asked wonderful questions.,Yes
JA-24366,2026-06-27T21:45,JA BizTown,Blackhawk MS,Hana Ellsworth,hana.ellsworth@summit.com,Summit Financial Group,Career Speaker,3,5,5,Yes,Loved the hands-on parts.,Good program.,Excellent experience from start to finish.,Yes
JA-24367,2025-12-13T21:41,JA Career Speaker Series,Jefferson MS,Reggie Brennan,reggie.brennan@cardinal.com,Cardinal Trust Bank,Career Speaker,4,4,5,No,Good structure.,More time with the students.,,No
JA-24368,2026-05-05T19:51,JA BizTown,Snider HS,Erin Chandra,erin.chandra@summit.com,Summit Financial Group,Site Lead,3,4,5,Maybe,Loved the hands-on parts.,No comment,"If you're ever short someone last minute, I might be able to fill in.",Yes
JA-24369,2026-06-23T11:51,JA Inspire,Leo JR/SR HS,Owen Vasquez,owen.vasquez@bluffton.com,Bluffton Steel Works,Site Lead,4,5,5,Yes,,None,Is there a way to get involved beyond the classroom? I have the time and I'd like to help.,
JA-24370,2026-04-15T18:16,JA BizTown,Wayne HS,Sasha Quintero,sasha.quintero@maplewood.com,Maplewood Health Partners,Event Volunteer,3,3,2,Maybe,,The materials arrived late and I had to improvise the first hour.,"Great program, great kids, great day all around.",
JA-24371,2026-02-01T15:26,JA Company Program,Carroll MS,Lucia Ellsworth,lucia.ellsworth@cardinal.com,Cardinal Trust Bank,Event Volunteer,5,4,2,Maybe,The materials were clear.,I was scheduled for a grade level I wasn't prepared for.,Loved it. The curriculum was excellent and easy to follow.,Yes
JA-24372,2026-05-09T19:55,JA Career Speaker Series,Lakeside MS,Tomas Alvarez,tomas.alvarez@northgate.com,Northgate Logistics,Career Speaker,4,5,4,Yes,Good structure.,I was scheduled for a grade level I wasn't prepared for.,Wonderful. Thank you for the opportunity.,
JA-24373,2026-01-18T08:15,JA Finance Park,Carroll MS,Devon Alvarez,devon.alvarez@maplewood.com,Maplewood Health Partners,Classroom Volunteer,5,4,4,,The materials were clear.,None,Good program.,Yes
JA-24374,2026-01-25T14:38,JA BizTown,Homestead HS,Andre Okafor,andre.okafor@allen.com,Allen Mutual Insurance,Event Volunteer,3,5,4,No,Good structure.,Good program.,,Yes
JA-24375,2026-01-06T18:06,JA in a Day,Shawnee MS,Yolanda Castellano,yolanda.castellano@three.com,Three Rivers Credit Union,Site Lead,4,5,3,Yes,The materials were clear.,Nothing - it was well organized.,I'd like to bring this program to my daughter's school. Can we talk?,Yes
JA-24376,2026-04-09T19:06,JA Career Speaker Series,Lakeside MS,Miles Petrosyan,miles.petrosyan@three.com,Three Rivers Credit Union,Classroom Volunteer,4,3,4,,Loved the hands-on parts.,Nothing to add,Fine.,Yes
JA-24377,2026-04-03T12:14,JA Career Speaker Series,Homestead HS,Renee Boone,renee.boone@ridgeline.com,Ridgeline Manufacturing,Board/Committee Prospect,5,5,3,Maybe,Good structure.,More time with the students.,I'd like to do more than one classroom next time. Please reach out in August.,Yes
JA-24378,2026-01-15T20:15,JA BizTown,Leo JR/SR HS,Lucia Nunez,lucia.nunez@bluffton.com,Bluffton Steel Works,Event Volunteer,4,5,5,Yes,Staff support was excellent.,"More prep time would help. That said, put me down for next fall.",Really well run. Thank you for everything you do.,
JA-24379,2026-02-06T19:23,JA in a Day,Jefferson MS,Mei Zabel,mei.zabel@wabash.com,Wabash Valley Energy,Event Volunteer,3,2,3,No,Staff support was excellent.,Nothing - it was well organized.,Classroom management was a struggle and I did not feel supported.,Yes
JA-24380,2026-06-01T17:08,JA Career Speaker Series,Memorial Park MS,Reggie Boone,reggie.boone@ridgeline.com,Ridgeline Manufacturing,Board/Committee Prospect,3,4,5,Maybe,The materials were clear.,I was scheduled for a grade level I wasn't prepared for.,Fantastic program. The kids were so engaged the entire time.,
JA-24381,2025-09-03T18:55,JA Company Program,Homestead HS,Ibrahim Lindqvist,ibrahim.lindqvist@summit.com,Summit Financial Group,Site Lead,4,5,4,Maybe,Good structure.,Good,This was such a rewarding experience. The students were wonderful.,Yes
JA-24382,2026-03-21T08:18,JA Company Program,Wayne HS,Jordan Brennan,jordan.brennan@northgate.com,Northgate Logistics,Site Lead,3,5,5,,Loved the hands-on parts.,I never received the training link. Had to wing it.,No comment,Yes
JA-24383,2026-06-22T13:41,JA Career Speaker Series,Lakeside MS,Greta Sandoval,greta.sandoval@foundry.com,Foundry Digital Agency,Board/Committee Prospect,3,5,5,Maybe,Staff support was excellent.,Nothing to add,Good program.,Yes
JA-24384,2026-04-05T13:39,JA Career Speaker Series,Shawnee MS,Jordan Okafor,jordan.okafor@northgate.com,Northgate Logistics,Site Lead,4,5,5,Maybe,Loved the hands-on parts.,I was scheduled for a grade level I wasn't prepared for.,"Possibly next year, depending on my travel schedule.",Yes
